Workbook

Sheet Initial Projections - 2025
A1: 0 | F1: Major League - PDC | R1: Minor League - PDC | AD1: Single A Jays | AJ1: SSM | AL1: Other | AX1: TOTALS
A2: Day | B2: Date | C2: Period | D2: Week | E2: Camp Name | F2: Breakfast | G2: 22.25 | H2: Lunch | I2: 22.25 | J2: Dinner | K2: 22.25 | L2: Umpire | M2: 22.25 | N2: Post Game Meal | O2: 22.25 | P2: Snack | Q2: 1.64 | R2: Breakfast | S2: 11.12 | T2: Lunch | U2: 11.12 | V2: Dinner | W2: 11.12 | X2: Blank | Y2: 0 | Z2: Blank | AA2: 0 | AB2: Blank | AC2: 0 | AD2: Breakfast | AE2: 15.89 | AF2: PRE-GAME | AG2: 15.89 | AH2: POST-GAME | AI2: 15.89 | AJ2: Stadium Staff Meals | AK2: 15.89 | AL2: Fun $$$$ Allocated | AM2: 27404 | AN2: Media Meals | AO2: 15 | AP2: MLB G&G - Pantry | AQ2: 1.64 | AR2: MiLB G&G - Pantry | AS2: 1.64 | AT2: MLB - Catering | AU2: 34 | AV2: Team Canada | AW2: 11.12 | AX2: Total Revenue | AY2: Total Meals | AZ2: Total Snacks | BA2: Total Charged Items | BB2: Average $/Item
A3: Mon | B3: 45656 | C3: 1 | D3: Week 1 | F3: 0 | H3: 0 | J3: 0 | L3: 0 | N3: 0 | P3: 0 | R3: 0 | T3: 0 | V3: 0 | X3: 0 | Z3: 0 | AB3: 0 | AD3: 0 | AF3: 0 | AH3: 0 | AL3: 0 | AX3: =(F3*G$2)+(H3*I$2)+(J3*K$2)+(L3*M$2)+(N3*O$2)+(P3*Q$2)+(R3*S$2)+(T3*U$2)+(V3*W$2)+(X3*Y$2)+(Z3*AA$2)+(AB3*AC$2)+(AN3*AO$2)+(AP3*AQ$2)+(AR3*AS$2)+(AT3*AU$2)+(AV3*AW$2)+(AD3*AE$2)+(AF3*AG$2)+(AH3*AI$2)+(AJ3*$AK$2) -> 0 | AY3: =sum(F3:AK3) + sum(AN3:AW3) -> 0 | AZ3: 0 | BA3: =sum(AY3:AZ3) -> 0 | BB3: =iferror(AX3/BA3,"")
A4: Tue | B4: =B3+1 -> 45657 | C4: 1 | D4: Week 1 | F4: 0 | H4: 0 | J4: 0 | L4: 0 | N4: 0 | P4: 0 | R4: 0 | T4: 0 | V4: 0 | X4: 0 | Z4: 0 | AB4: 0 | AD4: 0 | AF4: 0 | AH4: 0 | AL4: 0 | AX4: =(F4*G$2)+(H4*I$2)+(J4*K$2)+(L4*M$2)+(N4*O$2)+(P4*Q$2)+(R4*S$2)+(T4*U$2)+(V4*W$2)+(X4*Y$2)+(Z4*AA$2)+(AB4*AC$2)+(AN4*AO$2)+(AP4*AQ$2)+(AR4*AS$2)+(AT4*AU$2)+(AV4*AW$2)+(AD4*AE$2)+(AF4*AG$2)+(AH4*AI$2)+(AJ4*$AK$2) -> 0 | AY4: =sum(F4:AK4) + sum(AN4:AW4) -> 0 | AZ4: 0 | BA4: =sum(AY4:AZ4) -> 0 | BB4: =iferror(AX4/BA4,"")
A5: Wed | B5: =B4+1 -> 45658 | C5: 1 | D5: Week 1 | F5: 0 | H5: 0 | J5: 0 | L5: 0 | N5: 0 | P5: 0 | R5: 0 | T5: 0 | V5: 0 | X5: 0 | Z5: 0 | AB5: 0 | AD5: 0 | AF5: 0 | AH5: 0 | AL5: 0 | AX5: =(F5*G$2)+(H5*I$2)+(J5*K$2)+(L5*M$2)+(N5*O$2)+(P5*Q$2)+(R5*S$2)+(T5*U$2)+(V5*W$2)+(X5*Y$2)+(Z5*AA$2)+(AB5*AC$2)+(AN5*AO$2)+(AP5*AQ$2)+(AR5*AS$2)+(AT5*AU$2)+(AV5*AW$2)+(AD5*AE$2)+(AF5*AG$2)+(AH5*AI$2)+(AJ5*$AK$2) -> 0 | AY5: =sum(F5:AK5) + sum(AN5:AW5) -> 0 | AZ5: 0 | BA5: =sum(AY5:AZ5) -> 0 | BB5: =iferror(AX5/BA5,"")
A6: Thurs | B6: =B5+1 -> 45659 | C6: 1 | D6: Week 1 | F6: 0 | H6: 0 | J6: 0 | L6: 0 | N6: 0 | P6: 0 | R6: 0 | T6: 0 | V6: 0 | X6: 0 | Z6: 0 | AB6: 0 | AD6: 0 | AF6: 0 | AH6: 0 | AL6: 0 | AX6: =(F6*G$2)+(H6*I$2)+(J6*K$2)+(L6*M$2)+(N6*O$2)+(P6*Q$2)+(R6*S$2)+(T6*U$2)+(V6*W$2)+(X6*Y$2)+(Z6*AA$2)+(AB6*AC$2)+(AN6*AO$2)+(AP6*AQ$2)+(AR6*AS$2)+(AT6*AU$2)+(AV6*AW$2)+(AD6*AE$2)+(AF6*AG$2)+(AH6*AI$2)+(AJ6*$AK$2) -> 0 | AY6: =sum(F6:AK6) + sum(AN6:AW6) -> 0 | AZ6: 0 | BA6: =sum(AY6:AZ6) -> 0 | BB6: =iferror(AX6/BA6,"")
A7: Fri | B7: =B6+1 -> 45660 | C7: 1 | D7: Week 1 | F7: 0 | H7: 0 | J7: 0 | L7: 0 | N7: 0 | P7: 0 | R7: 0 | T7: 0 | V7: 0 | X7: 0 | Z7: 0 | AB7: 0 | AD7: 0 | AF7: 0 | AH7: 0 | AL7: 0 | AX7: =(F7*G$2)+(H7*I$2)+(J7*K$2)+(L7*M$2)+(N7*O$2)+(P7*Q$2)+(R7*S$2)+(T7*U$2)+(V7*W$2)+(X7*Y$2)+(Z7*AA$2)+(AB7*AC$2)+(AN7*AO$2)+(AP7*AQ$2)+(AR7*AS$2)+(AT7*AU$2)+(AV7*AW$2)+(AD7*AE$2)+(AF7*AG$2)+(AH7*AI$2)+(AJ7*$AK$2) -> 0 | AY7: =sum(F7:AK7) + sum(AN7:AW7) -> 0 | AZ7: 0 | BA7: =sum(AY7:AZ7) -> 0 | BB7: =iferror(AX7/BA7,"")
A8: Sat | B8: =B7+1 -> 45661 | C8: 1 | D8: Week 1 | F8: 0 | H8: 0 | J8: 0 | L8: 0 | N8: 0 | P8: 0 | R8: 0 | T8: 0 | V8: 0 | X8: 0 | Z8: 0 | AB8: 0 | AD8: 0 | AF8: 0 | AH8: 0 | AL8: 0 | AX8: =(F8*G$2)+(H8*I$2)+(J8*K$2)+(L8*M$2)+(N8*O$2)+(P8*Q$2)+(R8*S$2)+(T8*U$2)+(V8*W$2)+(X8*Y$2)+(Z8*AA$2)+(AB8*AC$2)+(AN8*AO$2)+(AP8*AQ$2)+(AR8*AS$2)+(AT8*AU$2)+(AV8*AW$2)+(AD8*AE$2)+(AF8*AG$2)+(AH8*AI$2)+(AJ8*$AK$2) -> 0 | AY8: =sum(F8:AK8) + sum(AN8:AW8) -> 0 | AZ8: 0 | BA8: =sum(AY8:AZ8) -> 0 | BB8: =iferror(AX8/BA8,"")
A9: Sun | B9: =B8+1 -> 45662 | C9: 1 | D9: Week 1 | F9: 0 | H9: 0 | J9: 0 | L9: 0 | N9: 0 | P9: 0 | R9: 0 | T9: 0 | V9: 0 | X9: 0 | Z9: 0 | AB9: 0 | AD9: 0 | AF9: 0 | AH9: 0 | AL9: 0 | AX9: =(F9*G$2)+(H9*I$2)+(J9*K$2)+(L9*M$2)+(N9*O$2)+(P9*Q$2)+(R9*S$2)+(T9*U$2)+(V9*W$2)+(X9*Y$2)+(Z9*AA$2)+(AB9*AC$2)+(AN9*AO$2)+(AP9*AQ$2)+(AR9*AS$2)+(AT9*AU$2)+(AV9*AW$2)+(AD9*AE$2)+(AF9*AG$2)+(AH9*AI$2)+(AJ9*$AK$2) -> 0 | AY9: =sum(F9:AK9) + sum(AN9:AW9) -> 0 | AZ9: 0 | BA9: =sum(AY9:AZ9) -> 0 | BB9: =iferror(AX9/BA9,"")
A10: Mon | B10: =B9+1 -> 45663 | C10: 1 | D10: Week 2 | F10: 0 | H10: 0 | J10: 0 | L10: 0 | N10: 0 | P10: 0 | R10: 50 | T10: 50 | V10: 0 | X10: 0 | Z10: 0 | AB10: 0 | AD10: 0 | AF10: 0 | AH10: 0 | AL10: 0 | AX10: =(F10*G$2)+(H10*I$2)+(J10*K$2)+(L10*M$2)+(N10*O$2)+(P10*Q$2)+(R10*S$2)+(T10*U$2)+(V10*W$2)+(X10*Y$2)+(Z10*AA$2)+(AB10*AC$2)+(AN10*AO$2)+(AP10*AQ$2)+(AR10*AS$2)+(AT10*AU$2)+(AV10*AW$2)+(AD10*AE$2)+(AF10*AG$2)+(AH10*AI$2)+(AJ10*$AK$2) -> 1112 | AY10: =sum(F10:AK10) + sum(AN10:AW10) -> 100 | AZ10: 0 | BA10: =sum(AY10:AZ10) -> 100 | BB10: =iferror(AX10/BA10,"") -> 11.12
A11: Tue | B11: =B10+1 -> 45664 | C11: 1 | D11: Week 2 | F11: 0 | H11: 0 | J11: 0 | L11: 0 | N11: 0 | P11: 0 | R11: 60 | T11: 60 | V11: 0 | X11: 0 | Z11: 0 | AB11: 0 | AD11: 0 | AF11: 0 | AH11: 0 | AL11: 0 | AX11: =(F11*G$2)+(H11*I$2)+(J11*K$2)+(L11*M$2)+(N11*O$2)+(P11*Q$2)+(R11*S$2)+(T11*U$2)+(V11*W$2)+(X11*Y$2)+(Z11*AA$2)+(AB11*AC$2)+(AN11*AO$2)+(AP11*AQ$2)+(AR11*AS$2)+(AT11*AU$2)+(AV11*AW$2)+(AD11*AE$2)+(AF11*AG$2)+(AH11*AI$2)+(AJ11*$AK$2) -> 1334.4 | AY11: =sum(F11:AK11) + sum(AN11:AW11) -> 120 | AZ11: 0 | BA11: =sum(AY11:AZ11) -> 120 | BB11: =iferror(AX11/BA11,"") -> 11.12
A12: Wed | B12: =B11+1 -> 45665 | C12: 1 | D12: Week 2 | F12: 0 | H12: 0 | J12: 0 | L12: 0 | N12: 0 | P12: 0 | R12: 80 | T12: 80 | V12: 0 | X12: 0 | Z12: 0 | AB12: 0 | AD12: 0 | AF12: 0 | AH12: 0 | AL12: 0 | AX12: =(F12*G$2)+(H12*I$2)+(J12*K$2)+(L12*M$2)+(N12*O$2)+(P12*Q$2)+(R12*S$2)+(T12*U$2)+(V12*W$2)+(X12*Y$2)+(Z12*AA$2)+(AB12*AC$2)+(AN12*AO$2)+(AP12*AQ$2)+(AR12*AS$2)+(AT12*AU$2)+(AV12*AW$2)+(AD12*AE$2)+(AF12*AG$2)+(AH12*AI$2)+(AJ12*$AK$2) -> 1779.2 | AY12: =sum(F12:AK12) + sum(AN12:AW12) -> 160 | AZ12: 0 | BA12: =sum(AY12:AZ12) -> 160 | BB12: =iferror(AX12/BA12,"") -> 11.12
A13: Thurs | B13: =B12+1 -> 45666 | C13: 1 | D13: Week 2 | F13: 0 | H13: 0 | J13: 0 | L13: 0 | N13: 0 | P13: 0 | R13: 80 | T13: 80 | V13: 0 | X13: 0 | Z13: 0 | AB13: 0 | AD13: 0 | AF13: 0 | AH13: 0 | AL13: 0 | AX13: =(F13*G$2)+(H13*I$2)+(J13*K$2)+(L13*M$2)+(N13*O$2)+(P13*Q$2)+(R13*S$2)+(T13*U$2)+(V13*W$2)+(X13*Y$2)+(Z13*AA$2)+(AB13*AC$2)+(AN13*AO$2)+(AP13*AQ$2)+(AR13*AS$2)+(AT13*AU$2)+(AV13*AW$2)+(AD13*AE$2)+(AF13*AG$2)+(AH13*AI$2)+(AJ13*$AK$2) -> 1779.2 | AY13: =sum(F13:AK13) + sum(AN13:AW13) -> 160 | AZ13: 0 | BA13: =sum(AY13:AZ13) -> 160 | BB13: =iferror(AX13/BA13,"") -> 11.12
A14: Fri | B14: =B13+1 -> 45667 | C14: 1 | D14: Week 2 | F14: 0 | H14: 0 | J14: 0 | L14: 0 | N14: 0 | P14: 0 | R14: 65 | T14: 65 | V14: 0 | X14: 0 | Z14: 0 | AB14: 0 | AD14: 0 | AF14: 0 | AH14: 0 | AL14: 0 | AX14: =(F14*G$2)+(H14*I$2)+(J14*K$2)+(L14*M$2)+(N14*O$2)+(P14*Q$2)+(R14*S$2)+(T14*U$2)+(V14*W$2)+(X14*Y$2)+(Z14*AA$2)+(AB14*AC$2)+(AN14*AO$2)+(AP14*AQ$2)+(AR14*AS$2)+(AT14*AU$2)+(AV14*AW$2)+(AD14*AE$2)+(AF14*AG$2)+(AH14*AI$2)+(AJ14*$AK$2) -> 1445.6 | AY14: =sum(F14:AK14) + sum(AN14:AW14) -> 130 | AZ14: 0 | BA14: =sum(AY14:AZ14) -> 130 | BB14: =iferror(AX14/BA14,"") -> 11.12
A15: Sat | B15: =B14+1 -> 45668 | C15: 1 | D15: Week 2 | F15: 0 | H15: 0 | J15: 0 | L15: 0 | N15: 0 | P15: 0 | R15: 0 | T15: 0 | V15: 0 | X15: 0 | Z15: 0 | AB15: 0 | AD15: 0 | AF15: 0 | AH15: 0 | AL15: 0 | AX15: =(F15*G$2)+(H15*I$2)+(J15*K$2)+(L15*M$2)+(N15*O$2)+(P15*Q$2)+(R15*S$2)+(T15*U$2)+(V15*W$2)+(X15*Y$2)+(Z15*AA$2)+(AB15*AC$2)+(AN15*AO$2)+(AP15*AQ$2)+(AR15*AS$2)+(AT15*AU$2)+(AV15*AW$2)+(AD15*AE$2)+(AF15*AG$2)+(AH15*AI$2)+(AJ15*$AK$2) -> 0 | AY15: =sum(F15:AK15) + sum(AN15:AW15) -> 0 | AZ15: 0 | BA15: =sum(AY15:AZ15) -> 0 | BB15: =iferror(AX15/BA15,"")
... A30: Sun | B30: =B29+1 -> 45683 | C30: 1 | D30: Week 4 | F30: 0 | H30: 0 | J30: 0 | L30: 0 | N30: 0 | P30: 0 | R30: 0 | T30: 0 | V30: 0 | X30: 0 | Z30: 0 | AB30: 0 | AD30: 0 | AF30: 0 | AH30: 0 | AL30: 0 | AX30: =(F30*G$2)+(H30*I$2)+(J30*K$2)+(L30*M$2)+(N30*O$2)+(P30*Q$2)+(R30*S$2)+(T30*U$2)+(V30*W$2)+(X30*Y$2)+(Z30*AA$2)+(AB30*AC$2)+(AN30*AO$2)+(AP30*AQ$2)+(AR30*AS$2)+(AT30*AU$2)+(AV30*AW$2)+(AD30*AE$2)+(AF30*AG$2)+(AH30*AI$2)+(AJ30*$AK$2) -> 0 | AY30: =sum(F30:AK30) + sum(AN30:AW30) -> 0 | AZ30: 0 | BA30: =sum(AY30:AZ30) -> 0 | BB30: =iferror(AX30/BA30,"")
A31: Mon | B31: =B30+1 -> 45684 | C31: 2 | D31: Week 1 | E31: Early Camp | F31: 30 | H31: 30 | J31: 0 | L31: 0 | N31: 0 | P31: 0 | R31: 90 | T31: 90 | V31: 0 | X31: 0 | Z31: 0 | AB31: 0 | AD31: 0 | AF31: 0 | AH31: 0 | AL31: 0 | AX31: =(F31*G$2)+(H31*I$2)+(J31*K$2)+(L31*M$2)+(N31*O$2)+(P31*Q$2)+(R31*S$2)+(T31*U$2)+(V31*W$2)+(X31*Y$2)+(Z31*AA$2)+(AB31*AC$2)+(AN31*AO$2)+(AP31*AQ$2)+(AR31*AS$2)+(AT31*AU$2)+(AV31*AW$2)+(AD31*AE$2)+(AF31*AG$2)+(AH31*AI$2)+(AJ31*$AK$2) -> 3336.6 | AY31: =sum(F31:AK31) + sum(AN31:AW31) -> 240 | AZ31: 0 | BA31: =sum(AY31:AZ31) -> 240 | BB31: =iferror(AX31/BA31,"") -> 13.9025
A32: Tue | B32: =B31+1 -> 45685 | C32: 2 | D32: Week 1 | F32: 30 | H32: 30 | J32: 0 | L32: 0 | N32: 0 | P32: 0 | R32: 90 | T32: 90 | V32: 0 | X32: 0 | Z32: 0 | AB32: 0 | AD32: 0 | AF32: 0 | AH32: 0 | AL32: 0 | AX32: =(F32*G$2)+(H32*I$2)+(J32*K$2)+(L32*M$2)+(N32*O$2)+(P32*Q$2)+(R32*S$2)+(T32*U$2)+(V32*W$2)+(X32*Y$2)+(Z32*AA$2)+(AB32*AC$2)+(AN32*AO$2)+(AP32*AQ$2)+(AR32*AS$2)+(AT32*AU$2)+(AV32*AW$2)+(AD32*AE$2)+(AF32*AG$2)+(AH32*AI$2)+(AJ32*$AK$2) -> 3336.6 | AY32: =sum(F32:AK32) + sum(AN32:AW32) -> 240 | AZ32: 0 | BA32: =sum(AY32:AZ32) -> 240 | BB32: =iferror(AX32/BA32,"") -> 13.9025
A33: Wed | B33: =B32+1 -> 45686 | C33: 2 | D33: Week 1 | F33: 30 | H33: 30 | J33: 0 | L33: 0 | N33: 0 | P33: 0 | R33: 90 | T33: 90 | V33: 0 | X33: 0 | Z33: 0 | AB33: 0 | AD33: 0 | AF33: 0 | AH33: 0 | AL33: 0 | AX33: =(F33*G$2)+(H33*I$2)+(J33*K$2)+(L33*M$2)+(N33*O$2)+(P33*Q$2)+(R33*S$2)+(T33*U$2)+(V33*W$2)+(X33*Y$2)+(Z33*AA$2)+(AB33*AC$2)+(AN33*AO$2)+(AP33*AQ$2)+(AR33*AS$2)+(AT33*AU$2)+(AV33*AW$2)+(AD33*AE$2)+(AF33*AG$2)+(AH33*AI$2)+(AJ33*$AK$2) -> 3336.6 | AY33: =sum(F33:AK33) + sum(AN33:AW33) -> 240 | AZ33: 0 | BA33: =sum(AY33:AZ33) -> 240 | BB33: =iferror(AX33/BA33,"") -> 13.9025
A34: Thurs | B34: =B33+1 -> 45687 | C34: 2 | D34: Week 1 | F34: 30 | H34: 30 | J34: 0 | L34: 0 | N34: 0 | P34: 0 | R34: 90 | T34: 90 | V34: 0 | X34: 0 | Z34: 0 | AB34: 0 | AD34: 0 | AF34: 0 | AH34: 0 | AL34: 0 | AX34: =(F34*G$2)+(H34*I$2)+(J34*K$2)+(L34*M$2)+(N34*O$2)+(P34*Q$2)+(R34*S$2)+(T34*U$2)+(V34*W$2)+(X34*Y$2)+(Z34*AA$2)+(AB34*AC$2)+(AN34*AO$2)+(AP34*AQ$2)+(AR34*AS$2)+(AT34*AU$2)+(AV34*AW$2)+(AD34*AE$2)+(AF34*AG$2)+(AH34*AI$2)+(AJ34*$AK$2) -> 3336.6 | AY34: =sum(F34:AK34) + sum(AN34:AW34) -> 240 | AZ34: 0 | BA34: =sum(AY34:AZ34) -> 240 | BB34: =iferror(AX34/BA34,"") -> 13.9025
A35: Fri | B35: =B34+1 -> 45688 | C35: 2 | D35: Week 1 | F35: 30 | H35: 30 | J35: 0 | L35: 0 | N35: 0 | P35: 0 | R35: 90 | T35: 90 | V35: 0 | X35: 0 | Z35: 0 | AB35: 0 | AD35: 0 | AF35: 0 | AH35: 0 | AL35: 0 | AX35: =(F35*G$2)+(H35*I$2)+(J35*K$2)+(L35*M$2)+(N35*O$2)+(P35*Q$2)+(R35*S$2)+(T35*U$2)+(V35*W$2)+(X35*Y$2)+(Z35*AA$2)+(AB35*AC$2)+(AN35*AO$2)+(AP35*AQ$2)+(AR35*AS$2)+(AT35*AU$2)+(AV35*AW$2)+(AD35*AE$2)+(AF35*AG$2)+(AH35*AI$2)+(AJ35*$AK$2) -> 3336.6 | AY35: =sum(F35:AK35) + sum(AN35:AW35) -> 240 | AZ35: 0 | BA35: =sum(AY35:AZ35) -> 240 | BB35: =iferror(AX35/BA35,"") -> 13.9025
A36: Sat | B36: =B35+1 -> 45689 | C36: 2 | D36: Week 1 | F36: 0 | H36: 0 | J36: 0 | L36: 0 | N36: 0 | P36: 0 | R36: 0 | T36: 0 | V36: 0 | X36: 0 | Z36: 0 | AB36: 0 | AD36: 0 | AF36: 0 | AH36: 0 | AL36: 0 | AX36: =(F36*G$2)+(H36*I$2)+(J36*K$2)+(L36*M$2)+(N36*O$2)+(P36*Q$2)+(R36*S$2)+(T36*U$2)+(V36*W$2)+(X36*Y$2)+(Z36*AA$2)+(AB36*AC$2)+(AN36*AO$2)+(AP36*AQ$2)+(AR36*AS$2)+(AT36*AU$2)+(AV36*AW$2)+(AD36*AE$2)+(AF36*AG$2)+(AH36*AI$2)+(AJ36*$AK$2) -> 0 | AY36: =sum(F36:AK36) + sum(AN36:AW36) -> 0 | AZ36: 0 | BA36: =sum(AY36:AZ36) -> 0 | BB36: =iferror(AX36/BA36,"")
A37: Sun | B37: =B36+1 -> 45690 | C37: 2 | D37: Week 1 | F37: 0 | H37: 0 | J37: 0 | L37: 0 | N37: 0 | P37: 0 | R37: 0 | T37: 0 | V37: 0 | X37: 0 | Z37: 0 | AB37: 0 | AD37: 0 | AF37: 0 | AH37: 0 | AL37: 0 | AX37: =(F37*G$2)+(H37*I$2)+(J37*K$2)+(L37*M$2)+(N37*O$2)+(P37*Q$2)+(R37*S$2)+(T37*U$2)+(V37*W$2)+(X37*Y$2)+(Z37*AA$2)+(AB37*AC$2)+(AN37*AO$2)+(AP37*AQ$2)+(AR37*AS$2)+(AT37*AU$2)+(AV37*AW$2)+(AD37*AE$2)+(AF37*AG$2)+(AH37*AI$2)+(AJ37*$AK$2) -> 0 | AY37: =sum(F37:AK37) + sum(AN37:AW37) -> 0 | AZ37: 0 | BA37: =sum(AY37:AZ37) -> 0 | BB37: =iferror(AX37/BA37,"")
A38: Mon | B38: =B37+1 -> 45691 | C38: 2 | D38: Week 2 | F38: 30 | H38: 30 | J38: 0 | L38: 0 | N38: 0 | P38: 0 | R38: 230 | T38: 230 | V38: 0 | X38: 0 | Z38: 0 | AB38: 0 | AD38: 0 | AF38: 0 | AH38: 0 | AL38: 0 | AX38: =(F38*G$2)+(H38*I$2)+(J38*K$2)+(L38*M$2)+(N38*O$2)+(P38*Q$2)+(R38*S$2)+(T38*U$2)+(V38*W$2)+(X38*Y$2)+(Z38*AA$2)+(AB38*AC$2)+(AN38*AO$2)+(AP38*AQ$2)+(AR38*AS$2)+(AT38*AU$2)+(AV38*AW$2)+(AD38*AE$2)+(AF38*AG$2)+(AH38*AI$2)+(AJ38*$AK$2) -> 6450.2 | AY38: =sum(F38:AK38) + sum(AN38:AW38) -> 520 | AZ38: 0 | BA38: =sum(AY38:AZ38) -> 520 | BB38: =iferror(AX38/BA38,"") -> 12.404231
A39: Tue | B39: =B38+1 -> 45692 | C39: 2 | D39: Week 2 | F39: 30 | H39: 30 | J39: 0 | L39: 0 | N39: 0 | P39: 0 | R39: 230 | T39: 230 | V39: 0 | X39: 0 | Z39: 0 | AB39: 0 | AD39: 0 | AF39: 0 | AH39: 0 | AL39: 0 | AX39: =(F39*G$2)+(H39*I$2)+(J39*K$2)+(L39*M$2)+(N39*O$2)+(P39*Q$2)+(R39*S$2)+(T39*U$2)+(V39*W$2)+(X39*Y$2)+(Z39*AA$2)+(AB39*AC$2)+(AN39*AO$2)+(AP39*AQ$2)+(AR39*AS$2)+(AT39*AU$2)+(AV39*AW$2)+(AD39*AE$2)+(AF39*AG$2)+(AH39*AI$2)+(AJ39*$AK$2) -> 6450.2 | AY39: =sum(F39:AK39) + sum(AN39:AW39) -> 520 | AZ39: 0 | BA39: =sum(AY39:AZ39) -> 520 | BB39: =iferror(AX39/BA39,"") -> 12.404231
A40: Wed | B40: =B39+1 -> 45693 | C40: 2 | D40: Week 2 | F40: 30 | H40: 30 | J40: 0 | L40: 0 | N40: 0 | P40: 0 | R40: 230 | T40: 230 | V40: 0 | X40: 0 | Z40: 0 | AB40: 0 | AD40: 0 | AF40: 0 | AH40: 0 | AL40: 0 | AX40: =(F40*G$2)+(H40*I$2)+(J40*K$2)+(L40*M$2)+(N40*O$2)+(P40*Q$2)+(R40*S$2)+(T40*U$2)+(V40*W$2)+(X40*Y$2)+(Z40*AA$2)+(AB40*AC$2)+(AN40*AO$2)+(AP40*AQ$2)+(AR40*AS$2)+(AT40*AU$2)+(AV40*AW$2)+(AD40*AE$2)+(AF40*AG$2)+(AH40*AI$2)+(AJ40*$AK$2) -> 6450.2 | AY40: =sum(F40:AK40) + sum(AN40:AW40) -> 520 | AZ40: 0 | BA40: =sum(AY40:AZ40) -> 520 | BB40: =iferror(AX40/BA40,"") -> 12.404231
A41: Thurs | B41: =B40+1 -> 45694 | C41: 2 | D41: Week 2 | F41: 30 | H41: 30 | J41: 0 | L41: 0 | N41: 0 | P41: 0 | R41: 230 | T41: 230 | V41: 0 | X41: 0 | Z41: 0 | AB41: 0 | AD41: 0 | AF41: 0 | AH41: 0 | AL41: 0 | AX41: =(F41*G$2)+(H41*I$2)+(J41*K$2)+(L41*M$2)+(N41*O$2)+(P41*Q$2)+(R41*S$2)+(T41*U$2)+(V41*W$2)+(X41*Y$2)+(Z41*AA$2)+(AB41*AC$2)+(AN41*AO$2)+(AP41*AQ$2)+(AR41*AS$2)+(AT41*AU$2)+(AV41*AW$2)+(AD41*AE$2)+(AF41*AG$2)+(AH41*AI$2)+(AJ41*$AK$2) -> 6450.2 | AY41: =sum(F41:AK41) + sum(AN41:AW41) -> 520 | AZ41: 0 | BA41: =sum(AY41:AZ41) -> 520 | BB41: =iferror(AX41/BA41,"") -> 12.404231
A42: Fri | B42: =B41+1 -> 45695 | C42: 2 | D42: Week 2 | F42: 30 | H42: 30 | J42: 0 | L42: 0 | N42: 0 | P42: 0 | R42: 230 | T42: 230 | V42: 0 | X42: 0 | Z42: 0 | AB42: 0 | AD42: 0 | AF42: 0 | AH42: 0 | AL42: 0 | AX42: =(F42*G$2)+(H42*I$2)+(J42*K$2)+(L42*M$2)+(N42*O$2)+(P42*Q$2)+(R42*S$2)+(T42*U$2)+(V42*W$2)+(X42*Y$2)+(Z42*AA$2)+(AB42*AC$2)+(AN42*AO$2)+(AP42*AQ$2)+(AR42*AS$2)+(AT42*AU$2)+(AV42*AW$2)+(AD42*AE$2)+(AF42*AG$2)+(AH42*AI$2)+(AJ42*$AK$2) -> 6450.2 | AY42: =sum(F42:AK42) + sum(AN42:AW42) -> 520 | AZ42: 0 | BA42: =sum(AY42:AZ42) -> 520 | BB42: =iferror(AX42/BA42,"") -> 12.404231
A43: Sat | B43: =B42+1 -> 45696 | C43: 2 | D43: Week 2 | F43: 30 | H43: 30 | J43: 0 | L43: 0 | N43: 0 | P43: 0 | R43: 230 | T43: 230 | V43: 0 | X43: 0 | Z43: 0 | AB43: 0 | AD43: 0 | AF43: 0 | AH43: 0 | AL43: 0 | AX43: =(F43*G$2)+(H43*I$2)+(J43*K$2)+(L43*M$2)+(N43*O$2)+(P43*Q$2)+(R43*S$2)+(T43*U$2)+(V43*W$2)+(X43*Y$2)+(Z43*AA$2)+(AB43*AC$2)+(AN43*AO$2)+(AP43*AQ$2)+(AR43*AS$2)+(AT43*AU$2)+(AV43*AW$2)+(AD43*AE$2)+(AF43*AG$2)+(AH43*AI$2)+(AJ43*$AK$2) -> 6450.2 | AY43: =sum(F43:AK43) + sum(AN43:AW43) -> 520 | AZ43: 0 | BA43: =sum(AY43:AZ43) -> 520 | BB43: =iferror(AX43/BA43,"") -> 12.404231
A44: Sun | B44: =B43+1 -> 45697 | C44: 2 | D44: Week 2 | F44: 0 | H44: 0 | J44: 0 | L44: 0 | N44: 0 | P44: 0 | R44: 0 | T44: 0 | V44: 0 | X44: 0 | Z44: 0 | AB44: 0 | AD44: 0 | AF44: 0 | AH44: 0 | AL44: 0 | AX44: =(F44*G$2)+(H44*I$2)+(J44*K$2)+(L44*M$2)+(N44*O$2)+(P44*Q$2)+(R44*S$2)+(T44*U$2)+(V44*W$2)+(X44*Y$2)+(Z44*AA$2)+(AB44*AC$2)+(AN44*AO$2)+(AP44*AQ$2)+(AR44*AS$2)+(AT44*AU$2)+(AV44*AW$2)+(AD44*AE$2)+(AF44*AG$2)+(AH44*AI$2)+(AJ44*$AK$2) -> 0 | AY44: =sum(F44:AK44) + sum(AN44:AW44) -> 0 | AZ44: 0 | BA44: =sum(AY44:AZ44) -> 0 | BB44: =iferror(AX44/BA44,"")
A45: Mon | B45: =B44+1 -> 45698 | C45: 2 | D45: Week 3 | E45: SPRING TRAINING | F45: 110 | H45: 110 | J45: 0 | L45: 0 | N45: 0 | R45: 240 | T45: 240 | V45: 0 | X45: 0 | Z45: 0 | AB45: 0 | AD45: 0 | AF45: 0 | AH45: 0 | AL45: 0 | AX45: =(F45*G$2)+(H45*I$2)+(J45*K$2)+(L45*M$2)+(N45*O$2)+(P45*Q$2)+(R45*S$2)+(T45*U$2)+(V45*W$2)+(X45*Y$2)+(Z45*AA$2)+(AB45*AC$2)+(AN45*AO$2)+(AP45*AQ$2)+(AR45*AS$2)+(AT45*AU$2)+(AV45*AW$2)+(AD45*AE$2)+(AF45*AG$2)+(AH45*AI$2)+(AJ45*$AK$2) -> 10232.6 | AY45: =sum(F45:AK45) + sum(AN45:AW45) -> 700 | AZ45: 0 | BA45: =sum(AY45:AZ45) -> 700 | BB45: =iferror(AX45/BA45,"") -> 14.618
A46: Tue | B46: =B45+1 -> 45699 | C46: 2 | D46: Week 3 | F46: 110 | H46: 110 | J46: 0 | L46: 0 | N46: 0 | P46: 0 | R46: 240 | T46: 240 | V46: 0 | X46: 0 | Z46: 0 | AB46: 0 | AD46: 0 | AF46: 0 | AH46: 0 | AL46: 0 | AX46: =(F46*G$2)+(H46*I$2)+(J46*K$2)+(L46*M$2)+(N46*O$2)+(P46*Q$2)+(R46*S$2)+(T46*U$2)+(V46*W$2)+(X46*Y$2)+(Z46*AA$2)+(AB46*AC$2)+(AN46*AO$2)+(AP46*AQ$2)+(AR46*AS$2)+(AT46*AU$2)+(AV46*AW$2)+(AD46*AE$2)+(AF46*AG$2)+(AH46*AI$2)+(AJ46*$AK$2) -> 10232.6 | AY46: =sum(F46:AK46) + sum(AN46:AW46) -> 700 | AZ46: 0 | BA46: =sum(AY46:AZ46) -> 700 | BB46: =iferror(AX46/BA46,"") -> 14.618
A47: Wed | B47: =B46+1 -> 45700 | C47: 2 | D47: Week 3 | F47: 110 | H47: 110 | J47: 0 | L47: 0 | N47: 0 | P47: 0 | R47: 240 | T47: 240 | V47: 0 | X47: 0 | Z47: 0 | AB47: 0 | AD47: 0 | AF47: 0 | AH47: 0 | AL47: 0 | AX47: =(F47*G$2)+(H47*I$2)+(J47*K$2)+(L47*M$2)+(N47*O$2)+(P47*Q$2)+(R47*S$2)+(T47*U$2)+(V47*W$2)+(X47*Y$2)+(Z47*AA$2)+(AB47*AC$2)+(AN47*AO$2)+(AP47*AQ$2)+(AR47*AS$2)+(AT47*AU$2)+(AV47*AW$2)+(AD47*AE$2)+(AF47*AG$2)+(AH47*AI$2)+(AJ47*$AK$2) -> 10232.6 | AY47: =sum(F47:AK47) + sum(AN47:AW47) -> 700 | AZ47: 0 | BA47: =sum(AY47:AZ47) -> 700 | BB47: =iferror(AX47/BA47,"") -> 14.618
A48: Thurs | B48: =B47+1 -> 45701 | C48: 2 | D48: Week 3 | F48: 140 | H48: 140 | J48: 0 | L48: 0 | N48: 0 | P48: 0 | R48: 240 | T48: 240 | V48: 0 | X48: 0 | Z48: 0 | AB48: 0 | AD48: 0 | AF48: 0 | AH48: 0 | AL48: 0 | AX48: =(F48*G$2)+(H48*I$2)+(J48*K$2)+(L48*M$2)+(N48*O$2)+(P48*Q$2)+(R48*S$2)+(T48*U$2)+(V48*W$2)+(X48*Y$2)+(Z48*AA$2)+(AB48*AC$2)+(AN48*AO$2)+(AP48*AQ$2)+(AR48*AS$2)+(AT48*AU$2)+(AV48*AW$2)+(AD48*AE$2)+(AF48*AG$2)+(AH48*AI$2)+(AJ48*$AK$2) -> 11567.6 | AY48: =sum(F48:AK48) + sum(AN48:AW48) -> 760 | AZ48: 0 | BA48: =sum(AY48:AZ48) -> 760 | BB48: =iferror(AX48/BA48,"") -> 15.220526
A49: Fri | B49: =B48+1 -> 45702 | C49: 2 | D49: Week 3 | F49: 140 | H49: 140 | J49: 0 | L49: 0 | N49: 0 | P49: 0 | R49: 240 | T49: 240 | V49: 0 | X49: 0 | Z49: 0 | AB49: 0 | AD49: 0 | AF49: 0 | AH49: 0 | AL49: 0 | AX49: =(F49*G$2)+(H49*I$2)+(J49*K$2)+(L49*M$2)+(N49*O$2)+(P49*Q$2)+(R49*S$2)+(T49*U$2)+(V49*W$2)+(X49*Y$2)+(Z49*AA$2)+(AB49*AC$2)+(AN49*AO$2)+(AP49*AQ$2)+(AR49*AS$2)+(AT49*AU$2)+(AV49*AW$2)+(AD49*AE$2)+(AF49*AG$2)+(AH49*AI$2)+(AJ49*$AK$2) -> 11567.6 | AY49: =sum(F49:AK49) + sum(AN49:AW49) -> 760 | AZ49: 0 | BA49: =sum(AY49:AZ49) -> 760 | BB49: =iferror(AX49/BA49,"") -> 15.220526
A50: Sat | B50: =B49+1 -> 45703 | C50: 2 | D50: Week 3 | F50: 140 | H50: 140 | J50: 0 | L50: 0 | N50: 0 | P50: 0 | R50: 240 | T50: 240 | V50: 0 | X50: 0 | Z50: 0 | AB50: 0 | AD50: 0 | AF50: 0 | AH50: 0 | AL50: 0 | AX50: =(F50*G$2)+(H50*I$2)+(J50*K$2)+(L50*M$2)+(N50*O$2)+(P50*Q$2)+(R50*S$2)+(T50*U$2)+(V50*W$2)+(X50*Y$2)+(Z50*AA$2)+(AB50*AC$2)+(AN50*AO$2)+(AP50*AQ$2)+(AR50*AS$2)+(AT50*AU$2)+(AV50*AW$2)+(AD50*AE$2)+(AF50*AG$2)+(AH50*AI$2)+(AJ50*$AK$2) -> 11567.6 | AY50: =sum(F50:AK50) + sum(AN50:AW50) -> 760 | AZ50: 0 | BA50: =sum(AY50:AZ50) -> 760 | BB50: =iferror(AX50/BA50,"") -> 15.220526
A51: Sun | B51: =B50+1 -> 45704 | C51: 2 | D51: Week 3 | F51: 140 | H51: 140 | J51: 0 | L51: 0 | N51: 0 | P51: 0 | R51: 0 | T51: 0 | V51: 0 | X51: 0 | Z51: 0 | AB51: 0 | AD51: 0 | AF51: 0 | AH51: 0 | AL51: 0 | AX51: =(F51*G$2)+(H51*I$2)+(J51*K$2)+(L51*M$2)+(N51*O$2)+(P51*Q$2)+(R51*S$2)+(T51*U$2)+(V51*W$2)+(X51*Y$2)+(Z51*AA$2)+(AB51*AC$2)+(AN51*AO$2)+(AP51*AQ$2)+(AR51*AS$2)+(AT51*AU$2)+(AV51*AW$2)+(AD51*AE$2)+(AF51*AG$2)+(AH51*AI$2)+(AJ51*$AK$2) -> 6230 | AY51: =sum(F51:AK51) + sum(AN51:AW51) -> 280 | AZ51: 0 | BA51: =sum(AY51:AZ51) -> 280 | BB51: =iferror(AX51/BA51,"") -> 22.25
A52: Mon | B52: =B51+1 -> 45705 | C52: 2 | D52: Week 4 | F52: 140 | H52: 140 | J52: 0 | L52: 0 | N52: 0 | P52: 0 | R52: 246 | T52: 246 | V52: 0 | X52: 0 | Z52: 0 | AB52: 0 | AD52: 0 | AF52: 0 | AH52: 0 | AL52: 0 | AX52: =(F52*G$2)+(H52*I$2)+(J52*K$2)+(L52*M$2)+(N52*O$2)+(P52*Q$2)+(R52*S$2)+(T52*U$2)+(V52*W$2)+(X52*Y$2)+(Z52*AA$2)+(AB52*AC$2)+(AN52*AO$2)+(AP52*AQ$2)+(AR52*AS$2)+(AT52*AU$2)+(AV52*AW$2)+(AD52*AE$2)+(AF52*AG$2)+(AH52*AI$2)+(AJ52*$AK$2) -> 11701.04 | AY52: =sum(F52:AK52) + sum(AN52:AW52) -> 772 | AZ52: 0 | BA52: =sum(AY52:AZ52) -> 772 | BB52: =iferror(AX52/BA52,"") -> 15.156788
A53: Tue | B53: =B52+1 -> 45706 | C53: 2 | D53: Week 4 | F53: 150 | H53: 150 | J53: 0 | L53: 0 | N53: 0 | P53: 0 | R53: 246 | T53: 246 | V53: 0 | X53: 0 | Z53: 0 | AB53: 0 | AD53: 0 | AF53: 0 | AH53: 0 | AL53: 0 | AX53: =(F53*G$2)+(H53*I$2)+(J53*K$2)+(L53*M$2)+(N53*O$2)+(P53*Q$2)+(R53*S$2)+(T53*U$2)+(V53*W$2)+(X53*Y$2)+(Z53*AA$2)+(AB53*AC$2)+(AN53*AO$2)+(AP53*AQ$2)+(AR53*AS$2)+(AT53*AU$2)+(AV53*AW$2)+(AD53*AE$2)+(AF53*AG$2)+(AH53*AI$2)+(AJ53*$AK$2) -> 12146.04 | AY53: =sum(F53:AK53) + sum(AN53:AW53) -> 792 | AZ53: 0 | BA53: =sum(AY53:AZ53) -> 792 | BB53: =iferror(AX53/BA53,"") -> 15.335909
A54: Wed | B54: =B53+1 -> 45707 | C54: 2 | D54: Week 4 | F54: 150 | H54: 150 | J54: 0 | L54: 0 | N54: 0 | P54: 0 | R54: 246 | T54: 246 | V54: 0 | X54: 0 | Z54: 0 | AB54: 0 | AD54: 0 | AF54: 0 | AH54: 0 | AL54: 0 | AX54: =(F54*G$2)+(H54*I$2)+(J54*K$2)+(L54*M$2)+(N54*O$2)+(P54*Q$2)+(R54*S$2)+(T54*U$2)+(V54*W$2)+(X54*Y$2)+(Z54*AA$2)+(AB54*AC$2)+(AN54*AO$2)+(AP54*AQ$2)+(AR54*AS$2)+(AT54*AU$2)+(AV54*AW$2)+(AD54*AE$2)+(AF54*AG$2)+(AH54*AI$2)+(AJ54*$AK$2) -> 12146.04 | AY54: =sum(F54:AK54) + sum(AN54:AW54) -> 792 | AZ54: 0 | BA54: =sum(AY54:AZ54) -> 792 | BB54: =iferror(AX54/BA54,"") -> 15.335909
A55: Thurs | B55: =B54+1 -> 45708 | C55: 2 | D55: Week 4 | F55: 150 | H55: 150 | J55: 0 | L55: 0 | N55: 0 | P55: 0 | R55: 246 | T55: 246 | V55: 0 | X55: 0 | Z55: 0 | AB55: 0 | AD55: 0 | AF55: 0 | AH55: 0 | AL55: 0 | AX55: =(F55*G$2)+(H55*I$2)+(J55*K$2)+(L55*M$2)+(N55*O$2)+(P55*Q$2)+(R55*S$2)+(T55*U$2)+(V55*W$2)+(X55*Y$2)+(Z55*AA$2)+(AB55*AC$2)+(AN55*AO$2)+(AP55*AQ$2)+(AR55*AS$2)+(AT55*AU$2)+(AV55*AW$2)+(AD55*AE$2)+(AF55*AG$2)+(AH55*AI$2)+(AJ55*$AK$2) -> 12146.04 | AY55: =sum(F55:AK55) + sum(AN55:AW55) -> 792 | AZ55: 0 | BA55: =sum(AY55:AZ55) -> 792 | BB55: =iferror(AX55/BA55,"") -> 15.335909
A56: Fri | B56: =B55+1 -> 45709 | C56: 2 | D56: Week 4 | F56: 150 | H56: 150 | J56: 0 | L56: 0 | N56: 0 | P56: 0 | R56: 246 | T56: 246 | V56: 0 | X56: 0 | Z56: 0 | AB56: 0 | AD56: 0 | AF56: 0 | AH56: 0 | AL56: 0 | AX56: =(F56*G$2)+(H56*I$2)+(J56*K$2)+(L56*M$2)+(N56*O$2)+(P56*Q$2)+(R56*S$2)+(T56*U$2)+(V56*W$2)+(X56*Y$2)+(Z56*AA$2)+(AB56*AC$2)+(AN56*AO$2)+(AP56*AQ$2)+(AR56*AS$2)+(AT56*AU$2)+(AV56*AW$2)+(AD56*AE$2)+(AF56*AG$2)+(AH56*AI$2)+(AJ56*$AK$2) -> 12146.04 | AY56: =sum(F56:AK56) + sum(AN56:AW56) -> 792 | AZ56: 0 | BA56: =sum(AY56:AZ56) -> 792 | BB56: =iferror(AX56/BA56,"") -> 15.335909
A57: Sat | B57: =B56+1 -> 45710 | C57: 2 | D57: Week 4 | F57: 150 | H57: 150 | J57: 0 | L57: 0 | N57: 75 | P57: 0 | R57: 246 | T57: 246 | V57: 0 | X57: 0 | Z57: 0 | AB57: 0 | AD57: 0 | AF57: 0 | AH57: 0 | AL57: 0 | AX57: =(F57*G$2)+(H57*I$2)+(J57*K$2)+(L57*M$2)+(N57*O$2)+(P57*Q$2)+(R57*S$2)+(T57*U$2)+(V57*W$2)+(X57*Y$2)+(Z57*AA$2)+(AB57*AC$2)+(AN57*AO$2)+(AP57*AQ$2)+(AR57*AS$2)+(AT57*AU$2)+(AV57*AW$2)+(AD57*AE$2)+(AF57*AG$2)+(AH57*AI$2)+(AJ57*$AK$2) -> 13814.79 | AY57: =sum(F57:AK57) + sum(AN57:AW57) -> 867 | AZ57: 0 | BA57: =sum(AY57:AZ57) -> 867 | BB57: =iferror(AX57/BA57,"") -> 15.934014
... A162: Sat | B162: =B161+1 -> 45815 | C162: 6 | D162: Week 3 | F162: 0 | H162: 0 | J162: 0 | L162: 0 | N162: 0 | P162: 0 | R162: 155 | T162: 155 | V162: 0 | X162: 0 | Z162: 0 | AB162: 0 | AD162: 0 | AF162: 0 | AH162: 0 | AL162: 0 | AX162: =(F162*G$2)+(H162*I$2)+(J162*K$2)+(L162*M$2)+(N162*O$2)+(P162*Q$2)+(R162*S$2)+(T162*U$2)+(V162*W$2)+(X162*Y$2)+(Z162*AA$2)+(AB162*AC$2)+(AN162*AO$2)+(AP162*AQ$2)+(AR162*AS$2)+(AT162*AU$2)+(AV162*AW$2)+(AD162*AE$2)+(AF162*AG$2)+(AH162*AI$2)+(AJ162*$AK$2) -> 3447.2 | AY162: =sum(F162:AK162) + sum(AN162:AW162) -> 310 | AZ162: 0 | BA162: =sum(AY162:AZ162) -> 310 | BB162: =iferror(AX162/BA162,"") -> 11.12
A163: Sun | B163: =B162+1 -> 45816 | C163: 6 | D163: Week 3 | F163: 0 | H163: 0 | J163: 0 | L163: 0 | N163: 0 | P163: 0 | V163: 0 | X163: 0 | Z163: 0 | AB163: 0 | AD163: 0 | AF163: 0 | AH163: 0 | AL163: 0 | AX163: =(F163*G$2)+(H163*I$2)+(J163*K$2)+(L163*M$2)+(N163*O$2)+(P163*Q$2)+(R163*S$2)+(T163*U$2)+(V163*W$2)+(X163*Y$2)+(Z163*AA$2)+(AB163*AC$2)+(AN163*AO$2)+(AP163*AQ$2)+(AR163*AS$2)+(AT163*AU$2)+(AV163*AW$2)+(AD163*AE$2)+(AF163*AG$2)+(AH163*AI$2)+(AJ163*$AK$2) -> 0 | AY163: =sum(F163:AK163) + sum(AN163:AW163) -> 0 | AZ163: 0 | BA163: =sum(AY163:AZ163) -> 0 | BB163: =iferror(AX163/BA163,"")
A164: Mon | B164: =B163+1 -> 45817 | C164: 6 | D164: Week 4 | F164: 0 | H164: 0 | J164: 0 | L164: 0 | N164: 0 | P164: 0 | R164: 155 | T164: 155 | V164: 0 | X164: 0 | Z164: 0 | AB164: 0 | AD164: 0 | AF164: 0 | AH164: 0 | AL164: 0 | AX164: =(F164*G$2)+(H164*I$2)+(J164*K$2)+(L164*M$2)+(N164*O$2)+(P164*Q$2)+(R164*S$2)+(T164*U$2)+(V164*W$2)+(X164*Y$2)+(Z164*AA$2)+(AB164*AC$2)+(AN164*AO$2)+(AP164*AQ$2)+(AR164*AS$2)+(AT164*AU$2)+(AV164*AW$2)+(AD164*AE$2)+(AF164*AG$2)+(AH164*AI$2)+(AJ164*$AK$2) -> 3447.2 | AY164: =sum(F164:AK164) + sum(AN164:AW164) -> 310 | AZ164: 0 | BA164: =sum(AY164:AZ164) -> 310 | BB164: =iferror(AX164/BA164,"") -> 11.12
A165: Tue | B165: =B164+1 -> 45818 | C165: 6 | D165: Week 4 | F165: 0 | H165: 0 | J165: 0 | L165: 0 | N165: 0 | P165: 0 | R165: 155 | T165: 155 | V165: 0 | X165: 0 | Z165: 0 | AB165: 0 | AD165: 0 | AF165: 55 | AH165: 55 | AL165: 0 | AX165: =(F165*G$2)+(H165*I$2)+(J165*K$2)+(L165*M$2)+(N165*O$2)+(P165*Q$2)+(R165*S$2)+(T165*U$2)+(V165*W$2)+(X165*Y$2)+(Z165*AA$2)+(AB165*AC$2)+(AN165*AO$2)+(AP165*AQ$2)+(AR165*AS$2)+(AT165*AU$2)+(AV165*AW$2)+(AD165*AE$2)+(AF165*AG$2)+(AH165*AI$2)+(AJ165*$AK$2) -> 5195.1 | AY165: =sum(F165:AK165) + sum(AN165:AW165) -> 420 | AZ165: 0 | BA165: =sum(AY165:AZ165) -> 420 | BB165: =iferror(AX165/BA165,"") -> 12.369286
A166: Wed | B166: =B165+1 -> 45819 | C166: 6 | D166: Week 4 | F166: 0 | H166: 0 | J166: 0 | L166: 0 | N166: 0 | P166: 0 | R166: 155 | T166: 155 | V166: 0 | X166: 0 | Z166: 0 | AB166: 0 | AD166: 0 | AF166: 55 | AH166: 55 | AL166: 0 | AX166: =(F166*G$2)+(H166*I$2)+(J166*K$2)+(L166*M$2)+(N166*O$2)+(P166*Q$2)+(R166*S$2)+(T166*U$2)+(V166*W$2)+(X166*Y$2)+(Z166*AA$2)+(AB166*AC$2)+(AN166*AO$2)+(AP166*AQ$2)+(AR166*AS$2)+(AT166*AU$2)+(AV166*AW$2)+(AD166*AE$2)+(AF166*AG$2)+(AH166*AI$2)+(AJ166*$AK$2) -> 5195.1 | AY166: =sum(F166:AK166) + sum(AN166:AW166) -> 420 | AZ166: 0 | BA166: =sum(AY166:AZ166) -> 420 | BB166: =iferror(AX166/BA166,"") -> 12.369286
A167: Thurs | B167: =B166+1 -> 45820 | C167: 6 | D167: Week 4 | F167: 0 | H167: 0 | J167: 0 | L167: 0 | N167: 0 | P167: 0 | R167: 155 | T167: 155 | V167: 0 | X167: 0 | Z167: 0 | AB167: 0 | AD167: 0 | AF167: 0 | AH167: 55 | AL167: 0 | AX167: =(F167*G$2)+(H167*I$2)+(J167*K$2)+(L167*M$2)+(N167*O$2)+(P167*Q$2)+(R167*S$2)+(T167*U$2)+(V167*W$2)+(X167*Y$2)+(Z167*AA$2)+(AB167*AC$2)+(AN167*AO$2)+(AP167*AQ$2)+(AR167*AS$2)+(AT167*AU$2)+(AV167*AW$2)+(AD167*AE$2)+(AF167*AG$2)+(AH167*AI$2)+(AJ167*$AK$2) -> 4321.15 | AY167: =sum(F167:AK167) + sum(AN167:AW167) -> 365 | AZ167: 0 | BA167: =sum(AY167:AZ167) -> 365 | BB167: =iferror(AX167/BA167,"") -> 11.838767
A168: Fri | B168: =B167+1 -> 45821 | C168: 6 | D168: Week 4 | F168: 0 | H168: 0 | J168: 0 | L168: 0 | N168: 0 | P168: 0 | R168: 155 | T168: 155 | V168: 0 | X168: 0 | Z168: 0 | AB168: 0 | AD168: 0 | AF168: 55 | AH168: 55 | AL168: 0 | AX168: =(F168*G$2)+(H168*I$2)+(J168*K$2)+(L168*M$2)+(N168*O$2)+(P168*Q$2)+(R168*S$2)+(T168*U$2)+(V168*W$2)+(X168*Y$2)+(Z168*AA$2)+(AB168*AC$2)+(AN168*AO$2)+(AP168*AQ$2)+(AR168*AS$2)+(AT168*AU$2)+(AV168*AW$2)+(AD168*AE$2)+(AF168*AG$2)+(AH168*AI$2)+(AJ168*$AK$2) -> 5195.1 | AY168: =sum(F168:AK168) + sum(AN168:AW168) -> 420 | AZ168: 0 | BA168: =sum(AY168:AZ168) -> 420 | BB168: =iferror(AX168/BA168,"") -> 12.369286
A169: Sat | B169: =B168+1 -> 45822 | C169: 6 | D169: Week 4 | F169: 0 | H169: 0 | J169: 0 | L169: 0 | N169: 0 | P169: 0 | R169: 155 | T169: 155 | V169: 0 | X169: 0 | Z169: 0 | AB169: 0 | AD169: 0 | AF169: 55 | AH169: 0 | AL169: 0 | AX169: =(F169*G$2)+(H169*I$2)+(J169*K$2)+(L169*M$2)+(N169*O$2)+(P169*Q$2)+(R169*S$2)+(T169*U$2)+(V169*W$2)+(X169*Y$2)+(Z169*AA$2)+(AB169*AC$2)+(AN169*AO$2)+(AP169*AQ$2)+(AR169*AS$2)+(AT169*AU$2)+(AV169*AW$2)+(AD169*AE$2)+(AF169*AG$2)+(AH169*AI$2)+(AJ169*$AK$2) -> 4321.15 | AY169: =sum(F169:AK169) + sum(AN169:AW169) -> 365 | AZ169: 0 | BA169: =sum(AY169:AZ169) -> 365 | BB169: =iferror(AX169/BA169,"") -> 11.838767
A170: Sun | B170: =B169+1 -> 45823 | C170: 6 | D170: Week 4 | F170: 0 | H170: 0 | J170: 0 | L170: 0 | N170: 0 | P170: 0 | V170: 0 | X170: 0 | Z170: 0 | AB170: 0 | AD170: 0 | AF170: 0 | AH170: 0 | AL170: 0 | AX170: =(F170*G$2)+(H170*I$2)+(J170*K$2)+(L170*M$2)+(N170*O$2)+(P170*Q$2)+(R170*S$2)+(T170*U$2)+(V170*W$2)+(X170*Y$2)+(Z170*AA$2)+(AB170*AC$2)+(AN170*AO$2)+(AP170*AQ$2)+(AR170*AS$2)+(AT170*AU$2)+(AV170*AW$2)+(AD170*AE$2)+(AF170*AG$2)+(AH170*AI$2)+(AJ170*$AK$2) -> 0 | AY170: =sum(F170:AK170) + sum(AN170:AW170) -> 0 | AZ170: 0 | BA170: =sum(AY170:AZ170) -> 0 | BB170: =iferror(AX170/BA170,"")
A171: Mon | B171: =B170+1 -> 45824 | C171: 7 | D171: Week 1 | F171: 0 | H171: 0 | J171: 0 | L171: 0 | N171: 0 | P171: 0 | R171: 155 | T171: 155 | V171: 0 | X171: 0 | Z171: 0 | AB171: 0 | AD171: 0 | AF171: 0 | AH171: 0 | AL171: 0 | AX171: =(F171*G$2)+(H171*I$2)+(J171*K$2)+(L171*M$2)+(N171*O$2)+(P171*Q$2)+(R171*S$2)+(T171*U$2)+(V171*W$2)+(X171*Y$2)+(Z171*AA$2)+(AB171*AC$2)+(AN171*AO$2)+(AP171*AQ$2)+(AR171*AS$2)+(AT171*AU$2)+(AV171*AW$2)+(AD171*AE$2)+(AF171*AG$2)+(AH171*AI$2)+(AJ171*$AK$2) -> 3447.2 | AY171: =sum(F171:AK171) + sum(AN171:AW171) -> 310 | AZ171: 0 | BA171: =sum(AY171:AZ171) -> 310 | BB171: =iferror(AX171/BA171,"") -> 11.12
A172: Tue | B172: =B171+1 -> 45825 | C172: 7 | D172: Week 1 | F172: 0 | H172: 0 | J172: 0 | L172: 0 | N172: 0 | P172: 0 | R172: 155 | T172: 155 | V172: 0 | X172: 0 | Z172: 0 | AB172: 0 | AD172: 0 | AF172: 55 | AH172: 55 | AL172: 0 | AX172: =(F172*G$2)+(H172*I$2)+(J172*K$2)+(L172*M$2)+(N172*O$2)+(P172*Q$2)+(R172*S$2)+(T172*U$2)+(V172*W$2)+(X172*Y$2)+(Z172*AA$2)+(AB172*AC$2)+(AN172*AO$2)+(AP172*AQ$2)+(AR172*AS$2)+(AT172*AU$2)+(AV172*AW$2)+(AD172*AE$2)+(AF172*AG$2)+(AH172*AI$2)+(AJ172*$AK$2) -> 5195.1 | AY172: =sum(F172:AK172) + sum(AN172:AW172) -> 420 | AZ172: 0 | BA172: =sum(AY172:AZ172) -> 420 | BB172: =iferror(AX172/BA172,"") -> 12.369286
A173: Wed | B173: =B172+1 -> 45826 | C173: 7 | D173: Week 1 | F173: 0 | H173: 0 | J173: 0 | L173: 0 | N173: 0 | P173: 0 | R173: 155 | T173: 155 | V173: 0 | X173: 0 | Z173: 0 | AB173: 0 | AD173: 0 | AF173: 55 | AH173: 55 | AL173: 0 | AX173: =(F173*G$2)+(H173*I$2)+(J173*K$2)+(L173*M$2)+(N173*O$2)+(P173*Q$2)+(R173*S$2)+(T173*U$2)+(V173*W$2)+(X173*Y$2)+(Z173*AA$2)+(AB173*AC$2)+(AN173*AO$2)+(AP173*AQ$2)+(AR173*AS$2)+(AT173*AU$2)+(AV173*AW$2)+(AD173*AE$2)+(AF173*AG$2)+(AH173*AI$2)+(AJ173*$AK$2) -> 5195.1 | AY173: =sum(F173:AK173) + sum(AN173:AW173) -> 420 | AZ173: 0 | BA173: =sum(AY173:AZ173) -> 420 | BB173: =iferror(AX173/BA173,"") -> 12.369286
A174: Thurs | B174: =B173+1 -> 45827 | C174: 7 | D174: Week 1 | F174: 0 | H174: 0 | J174: 0 | L174: 0 | N174: 0 | P174: 0 | R174: 155 | T174: 155 | V174: 0 | X174: 0 | Z174: 0 | AB174: 0 | AD174: 0 | AF174: 0 | AH174: 55 | AL174: 0 | AX174: =(F174*G$2)+(H174*I$2)+(J174*K$2)+(L174*M$2)+(N174*O$2)+(P174*Q$2)+(R174*S$2)+(T174*U$2)+(V174*W$2)+(X174*Y$2)+(Z174*AA$2)+(AB174*AC$2)+(AN174*AO$2)+(AP174*AQ$2)+(AR174*AS$2)+(AT174*AU$2)+(AV174*AW$2)+(AD174*AE$2)+(AF174*AG$2)+(AH174*AI$2)+(AJ174*$AK$2) -> 4321.15 | AY174: =sum(F174:AK174) + sum(AN174:AW174) -> 365 | AZ174: 0 | BA174: =sum(AY174:AZ174) -> 365 | BB174: =iferror(AX174/BA174,"") -> 11.838767
A175: Fri | B175: =B174+1 -> 45828 | C175: 7 | D175: Week 1 | F175: 0 | H175: 0 | J175: 0 | L175: 0 | N175: 0 | P175: 0 | R175: 155 | T175: 155 | V175: 0 | X175: 0 | Z175: 0 | AB175: 0 | AD175: 0 | AF175: 55 | AH175: 55 | AL175: 0 | AX175: =(F175*G$2)+(H175*I$2)+(J175*K$2)+(L175*M$2)+(N175*O$2)+(P175*Q$2)+(R175*S$2)+(T175*U$2)+(V175*W$2)+(X175*Y$2)+(Z175*AA$2)+(AB175*AC$2)+(AN175*AO$2)+(AP175*AQ$2)+(AR175*AS$2)+(AT175*AU$2)+(AV175*AW$2)+(AD175*AE$2)+(AF175*AG$2)+(AH175*AI$2)+(AJ175*$AK$2) -> 5195.1 | AY175: =sum(F175:AK175) + sum(AN175:AW175) -> 420 | AZ175: 0 | BA175: =sum(AY175:AZ175) -> 420 | BB175: =iferror(AX175/BA175,"") -> 12.369286
A176: Sat | B176: =B175+1 -> 45829 | C176: 7 | D176: Week 1 | F176: 0 | H176: 0 | J176: 0 | L176: 0 | N176: 0 | P176: 0 | R176: 155 | T176: 155 | V176: 0 | X176: 0 | Z176: 0 | AB176: 0 | AD176: 0 | AF176: 55 | AH176: 0 | AL176: 0 | AX176: =(F176*G$2)+(H176*I$2)+(J176*K$2)+(L176*M$2)+(N176*O$2)+(P176*Q$2)+(R176*S$2)+(T176*U$2)+(V176*W$2)+(X176*Y$2)+(Z176*AA$2)+(AB176*AC$2)+(AN176*AO$2)+(AP176*AQ$2)+(AR176*AS$2)+(AT176*AU$2)+(AV176*AW$2)+(AD176*AE$2)+(AF176*AG$2)+(AH176*AI$2)+(AJ176*$AK$2) -> 4321.15 | AY176: =sum(F176:AK176) + sum(AN176:AW176) -> 365 | AZ176: 0 | BA176: =sum(AY176:AZ176) -> 365 | BB176: =iferror(AX176/BA176,"") -> 11.838767
A177: Sun | B177: =B176+1 -> 45830 | C177: 7 | D177: Week 1 | F177: 0 | H177: 0 | J177: 0 | L177: 0 | N177: 0 | P177: 0 | V177: 0 | X177: 0 | Z177: 0 | AB177: 0 | AD177: 0 | AF177: 0 | AH177: 0 | AL177: 0 | AX177: =(F177*G$2)+(H177*I$2)+(J177*K$2)+(L177*M$2)+(N177*O$2)+(P177*Q$2)+(R177*S$2)+(T177*U$2)+(V177*W$2)+(X177*Y$2)+(Z177*AA$2)+(AB177*AC$2)+(AN177*AO$2)+(AP177*AQ$2)+(AR177*AS$2)+(AT177*AU$2)+(AV177*AW$2)+(AD177*AE$2)+(AF177*AG$2)+(AH177*AI$2)+(AJ177*$AK$2) -> 0 | AY177: =sum(F177:AK177) + sum(AN177:AW177) -> 0 | AZ177: 0 | BA177: =sum(AY177:AZ177) -> 0 | BB177: =iferror(AX177/BA177,"")
A178: Mon | B178: =B177+1 -> 45831 | C178: 7 | D178: Week 2 | F178: 0 | H178: 0 | J178: 0 | L178: 0 | N178: 0 | P178: 0 | R178: 155 | T178: 155 | V178: 0 | X178: 0 | Z178: 0 | AB178: 0 | AD178: 0 | AF178: 0 | AH178: 0 | AL178: 0 | AX178: =(F178*G$2)+(H178*I$2)+(J178*K$2)+(L178*M$2)+(N178*O$2)+(P178*Q$2)+(R178*S$2)+(T178*U$2)+(V178*W$2)+(X178*Y$2)+(Z178*AA$2)+(AB178*AC$2)+(AN178*AO$2)+(AP178*AQ$2)+(AR178*AS$2)+(AT178*AU$2)+(AV178*AW$2)+(AD178*AE$2)+(AF178*AG$2)+(AH178*AI$2)+(AJ178*$AK$2) -> 3447.2 | AY178: =sum(F178:AK178) + sum(AN178:AW178) -> 310 | AZ178: 0 | BA178: =sum(AY178:AZ178) -> 310 | BB178: =iferror(AX178/BA178,"") -> 11.12
A179: Tue | B179: =B178+1 -> 45832 | C179: 7 | D179: Week 2 | F179: 0 | H179: 0 | J179: 0 | L179: 0 | N179: 0 | P179: 0 | R179: 155 | T179: 155 | V179: 0 | X179: 0 | Z179: 0 | AB179: 0 | AD179: 0 | AF179: 0 | AH179: 0 | AL179: 0 | AX179: =(F179*G$2)+(H179*I$2)+(J179*K$2)+(L179*M$2)+(N179*O$2)+(P179*Q$2)+(R179*S$2)+(T179*U$2)+(V179*W$2)+(X179*Y$2)+(Z179*AA$2)+(AB179*AC$2)+(AN179*AO$2)+(AP179*AQ$2)+(AR179*AS$2)+(AT179*AU$2)+(AV179*AW$2)+(AD179*AE$2)+(AF179*AG$2)+(AH179*AI$2)+(AJ179*$AK$2) -> 3447.2 | AY179: =sum(F179:AK179) + sum(AN179:AW179) -> 310 | AZ179: 0 | BA179: =sum(AY179:AZ179) -> 310 | BB179: =iferror(AX179/BA179,"") -> 11.12
A180: Wed | B180: =B179+1 -> 45833 | C180: 7 | D180: Week 2 | F180: 0 | H180: 0 | J180: 0 | L180: 0 | N180: 0 | P180: 0 | R180: 155 | T180: 155 | V180: 0 | X180: 0 | Z180: 0 | AB180: 0 | AD180: 0 | AF180: 0 | AH180: 0 | AL180: 0 | AX180: =(F180*G$2)+(H180*I$2)+(J180*K$2)+(L180*M$2)+(N180*O$2)+(P180*Q$2)+(R180*S$2)+(T180*U$2)+(V180*W$2)+(X180*Y$2)+(Z180*AA$2)+(AB180*AC$2)+(AN180*AO$2)+(AP180*AQ$2)+(AR180*AS$2)+(AT180*AU$2)+(AV180*AW$2)+(AD180*AE$2)+(AF180*AG$2)+(AH180*AI$2)+(AJ180*$AK$2) -> 3447.2 | AY180: =sum(F180:AK180) + sum(AN180:AW180) -> 310 | AZ180: 0 | BA180: =sum(AY180:AZ180) -> 310 | BB180: =iferror(AX180/BA180,"") -> 11.12
A181: Thurs | B181: =B180+1 -> 45834 | C181: 7 | D181: Week 2 | F181: 0 | H181: 0 | J181: 0 | L181: 0 | N181: 0 | P181: 0 | R181: 155 | T181: 155 | V181: 0 | X181: 0 | Z181: 0 | AB181: 0 | AD181: 0 | AF181: 0 | AH181: 0 | AL181: 0 | AX181: =(F181*G$2)+(H181*I$2)+(J181*K$2)+(L181*M$2)+(N181*O$2)+(P181*Q$2)+(R181*S$2)+(T181*U$2)+(V181*W$2)+(X181*Y$2)+(Z181*AA$2)+(AB181*AC$2)+(AN181*AO$2)+(AP181*AQ$2)+(AR181*AS$2)+(AT181*AU$2)+(AV181*AW$2)+(AD181*AE$2)+(AF181*AG$2)+(AH181*AI$2)+(AJ181*$AK$2) -> 3447.2 | AY181: =sum(F181:AK181) + sum(AN181:AW181) -> 310 | AZ181: 0 | BA181: =sum(AY181:AZ181) -> 310 | BB181: =iferror(AX181/BA181,"") -> 11.12
A182: Fri | B182: =B181+1 -> 45835 | C182: 7 | D182: Week 2 | F182: 0 | H182: 0 | J182: 0 | L182: 0 | N182: 0 | P182: 0 | R182: 155 | T182: 155 | V182: 0 | X182: 0 | Z182: 0 | AB182: 0 | AD182: 0 | AF182: 0 | AH182: 0 | AL182: 0 | AX182: =(F182*G$2)+(H182*I$2)+(J182*K$2)+(L182*M$2)+(N182*O$2)+(P182*Q$2)+(R182*S$2)+(T182*U$2)+(V182*W$2)+(X182*Y$2)+(Z182*AA$2)+(AB182*AC$2)+(AN182*AO$2)+(AP182*AQ$2)+(AR182*AS$2)+(AT182*AU$2)+(AV182*AW$2)+(AD182*AE$2)+(AF182*AG$2)+(AH182*AI$2)+(AJ182*$AK$2) -> 3447.2 | AY182: =sum(F182:AK182) + sum(AN182:AW182) -> 310 | AZ182: 0 | BA182: =sum(AY182:AZ182) -> 310 | BB182: =iferror(AX182/BA182,"") -> 11.12
A183: Sat | B183: =B182+1 -> 45836 | C183: 7 | D183: Week 2 | F183: 0 | H183: 0 | J183: 0 | L183: 0 | N183: 0 | P183: 0 | R183: 155 | T183: 155 | V183: 0 | X183: 0 | Z183: 0 | AB183: 0 | AD183: 0 | AF183: 0 | AH183: 0 | AL183: 0 | AX183: =(F183*G$2)+(H183*I$2)+(J183*K$2)+(L183*M$2)+(N183*O$2)+(P183*Q$2)+(R183*S$2)+(T183*U$2)+(V183*W$2)+(X183*Y$2)+(Z183*AA$2)+(AB183*AC$2)+(AN183*AO$2)+(AP183*AQ$2)+(AR183*AS$2)+(AT183*AU$2)+(AV183*AW$2)+(AD183*AE$2)+(AF183*AG$2)+(AH183*AI$2)+(AJ183*$AK$2) -> 3447.2 | AY183: =sum(F183:AK183) + sum(AN183:AW183) -> 310 | AZ183: 0 | BA183: =sum(AY183:AZ183) -> 310 | BB183: =iferror(AX183/BA183,"") -> 11.12
A184: Sun | B184: =B183+1 -> 45837 | C184: 7 | D184: Week 2 | F184: 0 | H184: 0 | J184: 0 | L184: 0 | N184: 0 | P184: 0 | R184: 0 | T184: 0 | V184: 0 | X184: 0 | Z184: 0 | AB184: 0 | AD184: 0 | AF184: 0 | AH184: 0 | AL184: 0 | AX184: =(F184*G$2)+(H184*I$2)+(J184*K$2)+(L184*M$2)+(N184*O$2)+(P184*Q$2)+(R184*S$2)+(T184*U$2)+(V184*W$2)+(X184*Y$2)+(Z184*AA$2)+(AB184*AC$2)+(AN184*AO$2)+(AP184*AQ$2)+(AR184*AS$2)+(AT184*AU$2)+(AV184*AW$2)+(AD184*AE$2)+(AF184*AG$2)+(AH184*AI$2)+(AJ184*$AK$2) -> 0 | AY184: =sum(F184:AK184) + sum(AN184:AW184) -> 0 | AZ184: 0 | BA184: =sum(AY184:AZ184) -> 0 | BB184: =iferror(AX184/BA184,"")
A185: Mon | B185: =B184+1 -> 45838 | C185: 7 | D185: Week 3 | F185: 0 | H185: 0 | J185: 0 | L185: 0 | N185: 0 | P185: 0 | R185: 155 | T185: 155 | V185: 0 | X185: 0 | Z185: 0 | AB185: 0 | AD185: 0 | AF185: 0 | AH185: 0 | AL185: 0 | AX185: =(F185*G$2)+(H185*I$2)+(J185*K$2)+(L185*M$2)+(N185*O$2)+(P185*Q$2)+(R185*S$2)+(T185*U$2)+(V185*W$2)+(X185*Y$2)+(Z185*AA$2)+(AB185*AC$2)+(AN185*AO$2)+(AP185*AQ$2)+(AR185*AS$2)+(AT185*AU$2)+(AV185*AW$2)+(AD185*AE$2)+(AF185*AG$2)+(AH185*AI$2)+(AJ185*$AK$2) -> 3447.2 | AY185: =sum(F185:AK185) + sum(AN185:AW185) -> 310 | AZ185: 0 | BA185: =sum(AY185:AZ185) -> 310 | BB185: =iferror(AX185/BA185,"") -> 11.12
A186: Tue | B186: =B185+1 -> 45839 | C186: 7 | D186: Week 3 | F186: 0 | H186: 0 | J186: 0 | L186: 0 | N186: 0 | P186: 0 | R186: 155 | T186: 155 | V186: 0 | X186: 0 | Z186: 0 | AB186: 0 | AD186: 0 | AF186: 50 | AH186: 50 | AL186: 0 | AX186: =(F186*G$2)+(H186*I$2)+(J186*K$2)+(L186*M$2)+(N186*O$2)+(P186*Q$2)+(R186*S$2)+(T186*U$2)+(V186*W$2)+(X186*Y$2)+(Z186*AA$2)+(AB186*AC$2)+(AN186*AO$2)+(AP186*AQ$2)+(AR186*AS$2)+(AT186*AU$2)+(AV186*AW$2)+(AD186*AE$2)+(AF186*AG$2)+(AH186*AI$2)+(AJ186*$AK$2) -> 5036.2 | AY186: =sum(F186:AK186) + sum(AN186:AW186) -> 410 | AZ186: 0 | BA186: =sum(AY186:AZ186) -> 410 | BB186: =iferror(AX186/BA186,"") -> 12.283415
A187: Wed | B187: =B186+1 -> 45840 | C187: 7 | D187: Week 3 | F187: 0 | H187: 0 | J187: 0 | L187: 0 | N187: 0 | P187: 0 | R187: 155 | T187: 50 | V187: 0 | X187: 0 | Z187: 0 | AB187: 0 | AD187: 0 | AF187: 50 | AH187: 50 | AL187: 0 | AX187: =(F187*G$2)+(H187*I$2)+(J187*K$2)+(L187*M$2)+(N187*O$2)+(P187*Q$2)+(R187*S$2)+(T187*U$2)+(V187*W$2)+(X187*Y$2)+(Z187*AA$2)+(AB187*AC$2)+(AN187*AO$2)+(AP187*AQ$2)+(AR187*AS$2)+(AT187*AU$2)+(AV187*AW$2)+(AD187*AE$2)+(AF187*AG$2)+(AH187*AI$2)+(AJ187*$AK$2) -> 3868.6 | AY187: =sum(F187:AK187) + sum(AN187:AW187) -> 305 | AZ187: 0 | BA187: =sum(AY187:AZ187) -> 305 | BB187: =iferror(AX187/BA187,"") -> 12.683934
A188: Thurs | B188: =B187+1 -> 45841 | C188: 7 | D188: Week 3 | F188: 0 | H188: 0 | J188: 0 | L188: 0 | N188: 0 | P188: 0 | R188: 155 | T188: 155 | V188: 0 | X188: 0 | Z188: 0 | AB188: 0 | AD188: 0 | AF188: 0 | AH188: 50 | AL188: 0 | AX188: =(F188*G$2)+(H188*I$2)+(J188*K$2)+(L188*M$2)+(N188*O$2)+(P188*Q$2)+(R188*S$2)+(T188*U$2)+(V188*W$2)+(X188*Y$2)+(Z188*AA$2)+(AB188*AC$2)+(AN188*AO$2)+(AP188*AQ$2)+(AR188*AS$2)+(AT188*AU$2)+(AV188*AW$2)+(AD188*AE$2)+(AF188*AG$2)+(AH188*AI$2)+(AJ188*$AK$2) -> 4241.7 | AY188: =sum(F188:AK188) + sum(AN188:AW188) -> 360 | AZ188: 0 | BA188: =sum(AY188:AZ188) -> 360 | BB188: =iferror(AX188/BA188,"") -> 11.7825
A189: Fri | B189: =B188+1 -> 45842 | C189: 7 | D189: Week 3 | F189: 0 | H189: 0 | J189: 0 | L189: 0 | N189: 0 | P189: 0 | R189: 155 | T189: 115 | V189: 0 | X189: 0 | Z189: 0 | AB189: 0 | AD189: 0 | AF189: 50 | AH189: 50 | AL189: 0 | AX189: =(F189*G$2)+(H189*I$2)+(J189*K$2)+(L189*M$2)+(N189*O$2)+(P189*Q$2)+(R189*S$2)+(T189*U$2)+(V189*W$2)+(X189*Y$2)+(Z189*AA$2)+(AB189*AC$2)+(AN189*AO$2)+(AP189*AQ$2)+(AR189*AS$2)+(AT189*AU$2)+(AV189*AW$2)+(AD189*AE$2)+(AF189*AG$2)+(AH189*AI$2)+(AJ189*$AK$2) -> 4591.4 | AY189: =sum(F189:AK189) + sum(AN189:AW189) -> 370 | AZ189: 0 | BA189: =sum(AY189:AZ189) -> 370 | BB189: =iferror(AX189/BA189,"") -> 12.409189
... A191: Sun | B191: =B190+1 -> 45844 | C191: 7 | D191: Week 3 | F191: 0 | H191: 0 | J191: 0 | L191: 0 | N191: 0 | P191: 0 | R191: 0 | T191: 0 | V191: 0 | X191: 0 | Z191: 0 | AB191: 0 | AD191: 0 | AF191: 0 | AH191: 0 | AL191: 0 | AX191: =(F191*G$2)+(H191*I$2)+(J191*K$2)+(L191*M$2)+(N191*O$2)+(P191*Q$2)+(R191*S$2)+(T191*U$2)+(V191*W$2)+(X191*Y$2)+(Z191*AA$2)+(AB191*AC$2)+(AN191*AO$2)+(AP191*AQ$2)+(AR191*AS$2)+(AT191*AU$2)+(AV191*AW$2)+(AD191*AE$2)+(AF191*AG$2)+(AH191*AI$2)+(AJ191*$AK$2) -> 0 | AY191: =sum(F191:AK191) + sum(AN191:AW191) -> 0 | AZ191: 0 | BA191: =sum(AY191:AZ191) -> 0 | BB191: =iferror(AX191/BA191,"")
A192: Mon | B192: =B191+1 -> 45845 | C192: 7 | D192: Week 4 | E192: AllStar Break | F192: 0 | H192: 0 | J192: 0 | L192: 0 | N192: 0 | P192: 0 | R192: 0 | T192: 0 | V192: 0 | X192: 0 | Z192: 0 | AB192: 0 | AD192: 0 | AF192: 0 | AH192: 0 | AL192: 0 | AX192: =(F192*G$2)+(H192*I$2)+(J192*K$2)+(L192*M$2)+(N192*O$2)+(P192*Q$2)+(R192*S$2)+(T192*U$2)+(V192*W$2)+(X192*Y$2)+(Z192*AA$2)+(AB192*AC$2)+(AN192*AO$2)+(AP192*AQ$2)+(AR192*AS$2)+(AT192*AU$2)+(AV192*AW$2)+(AD192*AE$2)+(AF192*AG$2)+(AH192*AI$2)+(AJ192*$AK$2) -> 0 | AY192: =sum(F192:AK192) + sum(AN192:AW192) -> 0 | AZ192: 0 | BA192: =sum(AY192:AZ192) -> 0 | BB192: =iferror(AX192/BA192,"")
A193: Tue | B193: =B192+1 -> 45846 | C193: 7 | D193: Week 4 | F193: 0 | H193: 0 | J193: 0 | L193: 0 | N193: 0 | P193: 0 | R193: 50 | T193: 50 | V193: 0 | X193: 0 | Z193: 0 | AB193: 0 | AD193: 0 | AF193: 0 | AH193: 0 | AL193: 0 | AX193: =(F193*G$2)+(H193*I$2)+(J193*K$2)+(L193*M$2)+(N193*O$2)+(P193*Q$2)+(R193*S$2)+(T193*U$2)+(V193*W$2)+(X193*Y$2)+(Z193*AA$2)+(AB193*AC$2)+(AN193*AO$2)+(AP193*AQ$2)+(AR193*AS$2)+(AT193*AU$2)+(AV193*AW$2)+(AD193*AE$2)+(AF193*AG$2)+(AH193*AI$2)+(AJ193*$AK$2) -> 1112 | AY193: =sum(F193:AK193) + sum(AN193:AW193) -> 100 | AZ193: 0 | BA193: =sum(AY193:AZ193) -> 100 | BB193: =iferror(AX193/BA193,"") -> 11.12
A194: Wed | B194: =B193+1 -> 45847 | C194: 7 | D194: Week 4 | F194: 0 | H194: 0 | J194: 0 | L194: 0 | N194: 0 | P194: 0 | R194: 50 | T194: 155 | V194: 0 | X194: 0 | Z194: 0 | AB194: 0 | AD194: 0 | AF194: 0 | AH194: 0 | AL194: 0 | AX194: =(F194*G$2)+(H194*I$2)+(J194*K$2)+(L194*M$2)+(N194*O$2)+(P194*Q$2)+(R194*S$2)+(T194*U$2)+(V194*W$2)+(X194*Y$2)+(Z194*AA$2)+(AB194*AC$2)+(AN194*AO$2)+(AP194*AQ$2)+(AR194*AS$2)+(AT194*AU$2)+(AV194*AW$2)+(AD194*AE$2)+(AF194*AG$2)+(AH194*AI$2)+(AJ194*$AK$2) -> 2279.6 | AY194: =sum(F194:AK194) + sum(AN194:AW194) -> 205 | AZ194: 0 | BA194: =sum(AY194:AZ194) -> 205 | BB194: =iferror(AX194/BA194,"") -> 11.12
A195: Thurs | B195: =B194+1 -> 45848 | C195: 7 | D195: Week 4 | F195: 0 | H195: 0 | J195: 0 | L195: 0 | N195: 0 | P195: 0 | R195: 155 | T195: 155 | V195: 0 | X195: 0 | Z195: 0 | AB195: 0 | AD195: 0 | AF195: 0 | AH195: 0 | AL195: 0 | AX195: =(F195*G$2)+(H195*I$2)+(J195*K$2)+(L195*M$2)+(N195*O$2)+(P195*Q$2)+(R195*S$2)+(T195*U$2)+(V195*W$2)+(X195*Y$2)+(Z195*AA$2)+(AB195*AC$2)+(AN195*AO$2)+(AP195*AQ$2)+(AR195*AS$2)+(AT195*AU$2)+(AV195*AW$2)+(AD195*AE$2)+(AF195*AG$2)+(AH195*AI$2)+(AJ195*$AK$2) -> 3447.2 | AY195: =sum(F195:AK195) + sum(AN195:AW195) -> 310 | AZ195: 0 | BA195: =sum(AY195:AZ195) -> 310 | BB195: =iferror(AX195/BA195,"") -> 11.12
A196: Fri | B196: =B195+1 -> 45849 | C196: 7 | D196: Week 4 | F196: 0 | H196: 0 | J196: 0 | L196: 0 | N196: 0 | P196: 0 | R196: 155 | T196: 115 | V196: 0 | X196: 0 | Z196: 0 | AB196: 0 | AD196: 0 | AF196: 0 | AH196: 0 | AL196: 0 | AX196: =(F196*G$2)+(H196*I$2)+(J196*K$2)+(L196*M$2)+(N196*O$2)+(P196*Q$2)+(R196*S$2)+(T196*U$2)+(V196*W$2)+(X196*Y$2)+(Z196*AA$2)+(AB196*AC$2)+(AN196*AO$2)+(AP196*AQ$2)+(AR196*AS$2)+(AT196*AU$2)+(AV196*AW$2)+(AD196*AE$2)+(AF196*AG$2)+(AH196*AI$2)+(AJ196*$AK$2) -> 3002.4 | AY196: =sum(F196:AK196) + sum(AN196:AW196) -> 270 | AZ196: 0 | BA196: =sum(AY196:AZ196) -> 270 | BB196: =iferror(AX196/BA196,"") -> 11.12
A197: Sat | B197: =B196+1 -> 45850 | C197: 7 | D197: Week 4 | E197: Draft Dinner | F197: 0 | H197: 0 | J197: 0 | L197: 0 | N197: 0 | P197: 0 | R197: 155 | T197: 155 | V197: 65 | X197: 0 | Z197: 0 | AB197: 0 | AD197: 0 | AF197: 0 | AH197: 0 | AL197: 0 | AX197: =(F197*G$2)+(H197*I$2)+(J197*K$2)+(L197*M$2)+(N197*O$2)+(P197*Q$2)+(R197*S$2)+(T197*U$2)+(V197*W$2)+(X197*Y$2)+(Z197*AA$2)+(AB197*AC$2)+(AN197*AO$2)+(AP197*AQ$2)+(AR197*AS$2)+(AT197*AU$2)+(AV197*AW$2)+(AD197*AE$2)+(AF197*AG$2)+(AH197*AI$2)+(AJ197*$AK$2) -> 4170 | AY197: =sum(F197:AK197) + sum(AN197:AW197) -> 375 | AZ197: 0 | BA197: =sum(AY197:AZ197) -> 375 | BB197: =iferror(AX197/BA197,"") -> 11.12
A198: Sun | B198: =B197+1 -> 45851 | C198: 7 | D198: Week 4 | F198: 0 | H198: 0 | J198: 0 | L198: 0 | N198: 0 | P198: 0 | R198: 0 | T198: 0 | V198: 0 | X198: 0 | Z198: 0 | AB198: 0 | AD198: 0 | AF198: 0 | AH198: 0 | AL198: 0 | AX198: =(F198*G$2)+(H198*I$2)+(J198*K$2)+(L198*M$2)+(N198*O$2)+(P198*Q$2)+(R198*S$2)+(T198*U$2)+(V198*W$2)+(X198*Y$2)+(Z198*AA$2)+(AB198*AC$2)+(AN198*AO$2)+(AP198*AQ$2)+(AR198*AS$2)+(AT198*AU$2)+(AV198*AW$2)+(AD198*AE$2)+(AF198*AG$2)+(AH198*AI$2)+(AJ198*$AK$2) -> 0 | AY198: =sum(F198:AK198) + sum(AN198:AW198) -> 0 | AZ198: 0 | BA198: =sum(AY198:AZ198) -> 0 | BB198: =iferror(AX198/BA198,"")
A199: Mon | B199: =B198+1 -> 45852 | C199: 8 | D199: Week 1 | F199: 0 | H199: 0 | J199: 0 | L199: 0 | N199: 0 | P199: 0 | R199: 185 | T199: 185 | V199: 0 | X199: 0 | Z199: 0 | AB199: 0 | AD199: 0 | AF199: 0 | AH199: 0 | AL199: 0 | AX199: =(F199*G$2)+(H199*I$2)+(J199*K$2)+(L199*M$2)+(N199*O$2)+(P199*Q$2)+(R199*S$2)+(T199*U$2)+(V199*W$2)+(X199*Y$2)+(Z199*AA$2)+(AB199*AC$2)+(AN199*AO$2)+(AP199*AQ$2)+(AR199*AS$2)+(AT199*AU$2)+(AV199*AW$2)+(AD199*AE$2)+(AF199*AG$2)+(AH199*AI$2)+(AJ199*$AK$2) -> 4114.4 | AY199: =sum(F199:AK199) + sum(AN199:AW199) -> 370 | AZ199: 0 | BA199: =sum(AY199:AZ199) -> 370 | BB199: =iferror(AX199/BA199,"") -> 11.12
A200: Tue | B200: =B199+1 -> 45853 | C200: 8 | D200: Week 1 | E200: New Drafted Players | F200: 0 | H200: 0 | J200: 0 | L200: 0 | N200: 0 | P200: 0 | R200: 185 | T200: 185 | V200: 0 | X200: 0 | Z200: 0 | AB200: 0 | AD200: 50 | AF200: 50 | AH200: 0 | AL200: 0 | AX200: =(F200*G$2)+(H200*I$2)+(J200*K$2)+(L200*M$2)+(N200*O$2)+(P200*Q$2)+(R200*S$2)+(T200*U$2)+(V200*W$2)+(X200*Y$2)+(Z200*AA$2)+(AB200*AC$2)+(AN200*AO$2)+(AP200*AQ$2)+(AR200*AS$2)+(AT200*AU$2)+(AV200*AW$2)+(AD200*AE$2)+(AF200*AG$2)+(AH200*AI$2)+(AJ200*$AK$2) -> 5703.4 | AY200: =sum(F200:AK200) + sum(AN200:AW200) -> 470 | AZ200: 0 | BA200: =sum(AY200:AZ200) -> 470 | BB200: =iferror(AX200/BA200,"") -> 12.134894
A201: Wed | B201: =B200+1 -> 45854 | C201: 8 | D201: Week 1 | F201: 0 | H201: 0 | J201: 0 | L201: 0 | N201: 0 | P201: 0 | R201: 185 | T201: 185 | V201: 0 | X201: 0 | Z201: 0 | AB201: 0 | AD201: 50 | AF201: 50 | AH201: 0 | AL201: 0 | AX201: =(F201*G$2)+(H201*I$2)+(J201*K$2)+(L201*M$2)+(N201*O$2)+(P201*Q$2)+(R201*S$2)+(T201*U$2)+(V201*W$2)+(X201*Y$2)+(Z201*AA$2)+(AB201*AC$2)+(AN201*AO$2)+(AP201*AQ$2)+(AR201*AS$2)+(AT201*AU$2)+(AV201*AW$2)+(AD201*AE$2)+(AF201*AG$2)+(AH201*AI$2)+(AJ201*$AK$2) -> 5703.4 | AY201: =sum(F201:AK201) + sum(AN201:AW201) -> 470 | AZ201: 0 | BA201: =sum(AY201:AZ201) -> 470 | BB201: =iferror(AX201/BA201,"") -> 12.134894
A202: Thurs | B202: =B201+1 -> 45855 | C202: 8 | D202: Week 1 | F202: 0 | H202: 0 | J202: 0 | L202: 0 | N202: 0 | P202: 0 | R202: 185 | T202: 185 | V202: 0 | X202: 0 | Z202: 0 | AB202: 0 | AD202: 0 | AF202: 50 | AH202: 0 | AL202: 0 | AX202: =(F202*G$2)+(H202*I$2)+(J202*K$2)+(L202*M$2)+(N202*O$2)+(P202*Q$2)+(R202*S$2)+(T202*U$2)+(V202*W$2)+(X202*Y$2)+(Z202*AA$2)+(AB202*AC$2)+(AN202*AO$2)+(AP202*AQ$2)+(AR202*AS$2)+(AT202*AU$2)+(AV202*AW$2)+(AD202*AE$2)+(AF202*AG$2)+(AH202*AI$2)+(AJ202*$AK$2) -> 4908.9 | AY202: =sum(F202:AK202) + sum(AN202:AW202) -> 420 | AZ202: 0 | BA202: =sum(AY202:AZ202) -> 420 | BB202: =iferror(AX202/BA202,"") -> 11.687857
A203: Fri | B203: =B202+1 -> 45856 | C203: 8 | D203: Week 1 | F203: 0 | H203: 0 | J203: 0 | L203: 0 | N203: 0 | P203: 0 | R203: 185 | T203: 185 | V203: 0 | X203: 0 | Z203: 0 | AB203: 0 | AD203: 50 | AF203: 50 | AH203: 0 | AL203: 0 | AX203: =(F203*G$2)+(H203*I$2)+(J203*K$2)+(L203*M$2)+(N203*O$2)+(P203*Q$2)+(R203*S$2)+(T203*U$2)+(V203*W$2)+(X203*Y$2)+(Z203*AA$2)+(AB203*AC$2)+(AN203*AO$2)+(AP203*AQ$2)+(AR203*AS$2)+(AT203*AU$2)+(AV203*AW$2)+(AD203*AE$2)+(AF203*AG$2)+(AH203*AI$2)+(AJ203*$AK$2) -> 5703.4 | AY203: =sum(F203:AK203) + sum(AN203:AW203) -> 470 | AZ203: 0 | BA203: =sum(AY203:AZ203) -> 470 | BB203: =iferror(AX203/BA203,"") -> 12.134894
A204: Sat | B204: =B203+1 -> 45857 | C204: 8 | D204: Week 1 | F204: 0 | H204: 0 | J204: 0 | L204: 0 | N204: 0 | P204: 0 | R204: 185 | T204: 185 | V204: 0 | X204: 0 | Z204: 0 | AB204: 0 | AD204: 50 | AF204: 0 | AH204: 0 | AL204: 0 | AX204: =(F204*G$2)+(H204*I$2)+(J204*K$2)+(L204*M$2)+(N204*O$2)+(P204*Q$2)+(R204*S$2)+(T204*U$2)+(V204*W$2)+(X204*Y$2)+(Z204*AA$2)+(AB204*AC$2)+(AN204*AO$2)+(AP204*AQ$2)+(AR204*AS$2)+(AT204*AU$2)+(AV204*AW$2)+(AD204*AE$2)+(AF204*AG$2)+(AH204*AI$2)+(AJ204*$AK$2) -> 4908.9 | AY204: =sum(F204:AK204) + sum(AN204:AW204) -> 420 | AZ204: 0 | BA204: =sum(AY204:AZ204) -> 420 | BB204: =iferror(AX204/BA204,"") -> 11.687857
A205: Sun | B205: =B204+1 -> 45858 | C205: 8 | D205: Week 1 | F205: 0 | H205: 0 | J205: 0 | L205: 0 | N205: 0 | P205: 0 | R205: 0 | T205: 0 | V205: 0 | X205: 0 | Z205: 0 | AB205: 0 | AD205: 0 | AF205: 0 | AH205: 0 | AL205: 0 | AX205: =(F205*G$2)+(H205*I$2)+(J205*K$2)+(L205*M$2)+(N205*O$2)+(P205*Q$2)+(R205*S$2)+(T205*U$2)+(V205*W$2)+(X205*Y$2)+(Z205*AA$2)+(AB205*AC$2)+(AN205*AO$2)+(AP205*AQ$2)+(AR205*AS$2)+(AT205*AU$2)+(AV205*AW$2)+(AD205*AE$2)+(AF205*AG$2)+(AH205*AI$2)+(AJ205*$AK$2) -> 0 | AY205: =sum(F205:AK205) + sum(AN205:AW205) -> 0 | AZ205: 0 | BA205: =sum(AY205:AZ205) -> 0 | BB205: =iferror(AX205/BA205,"")
A206: Mon | B206: =B205+1 -> 45859 | C206: 8 | D206: Week 2 | F206: 0 | H206: 0 | J206: 0 | L206: 0 | N206: 0 | P206: 0 | R206: 185 | T206: 185 | V206: 0 | X206: 0 | Z206: 0 | AB206: 0 | AD206: 0 | AF206: 0 | AH206: 0 | AL206: 0 | AX206: =(F206*G$2)+(H206*I$2)+(J206*K$2)+(L206*M$2)+(N206*O$2)+(P206*Q$2)+(R206*S$2)+(T206*U$2)+(V206*W$2)+(X206*Y$2)+(Z206*AA$2)+(AB206*AC$2)+(AN206*AO$2)+(AP206*AQ$2)+(AR206*AS$2)+(AT206*AU$2)+(AV206*AW$2)+(AD206*AE$2)+(AF206*AG$2)+(AH206*AI$2)+(AJ206*$AK$2) -> 4114.4 | AY206: =sum(F206:AK206) + sum(AN206:AW206) -> 370 | AZ206: 0 | BA206: =sum(AY206:AZ206) -> 370 | BB206: =iferror(AX206/BA206,"") -> 11.12
A207: Tue | B207: =B206+1 -> 45860 | C207: 8 | D207: Week 2 | F207: 0 | H207: 0 | J207: 0 | L207: 0 | N207: 0 | P207: 0 | R207: 185 | T207: 185 | V207: 0 | X207: 0 | Z207: 0 | AB207: 0 | AD207: 0 | AF207: 0 | AH207: 0 | AL207: 0 | AX207: =(F207*G$2)+(H207*I$2)+(J207*K$2)+(L207*M$2)+(N207*O$2)+(P207*Q$2)+(R207*S$2)+(T207*U$2)+(V207*W$2)+(X207*Y$2)+(Z207*AA$2)+(AB207*AC$2)+(AN207*AO$2)+(AP207*AQ$2)+(AR207*AS$2)+(AT207*AU$2)+(AV207*AW$2)+(AD207*AE$2)+(AF207*AG$2)+(AH207*AI$2)+(AJ207*$AK$2) -> 4114.4 | AY207: =sum(F207:AK207) + sum(AN207:AW207) -> 370 | AZ207: 0 | BA207: =sum(AY207:AZ207) -> 370 | BB207: =iferror(AX207/BA207,"") -> 11.12
A208: Wed | B208: =B207+1 -> 45861 | C208: 8 | D208: Week 2 | F208: 0 | H208: 0 | J208: 0 | L208: 0 | N208: 0 | P208: 0 | R208: 185 | T208: 185 | V208: 0 | X208: 0 | Z208: 0 | AB208: 0 | AD208: 0 | AF208: 0 | AH208: 0 | AL208: 0 | AX208: =(F208*G$2)+(H208*I$2)+(J208*K$2)+(L208*M$2)+(N208*O$2)+(P208*Q$2)+(R208*S$2)+(T208*U$2)+(V208*W$2)+(X208*Y$2)+(Z208*AA$2)+(AB208*AC$2)+(AN208*AO$2)+(AP208*AQ$2)+(AR208*AS$2)+(AT208*AU$2)+(AV208*AW$2)+(AD208*AE$2)+(AF208*AG$2)+(AH208*AI$2)+(AJ208*$AK$2) -> 4114.4 | AY208: =sum(F208:AK208) + sum(AN208:AW208) -> 370 | AZ208: 0 | BA208: =sum(AY208:AZ208) -> 370 | BB208: =iferror(AX208/BA208,"") -> 11.12
A209: Thurs | B209: =B208+1 -> 45862 | C209: 8 | D209: Week 2 | F209: 0 | H209: 0 | J209: 0 | L209: 0 | N209: 0 | P209: 0 | R209: 185 | T209: 185 | V209: 0 | X209: 0 | Z209: 0 | AB209: 0 | AD209: 0 | AF209: 0 | AH209: 0 | AL209: 0 | AX209: =(F209*G$2)+(H209*I$2)+(J209*K$2)+(L209*M$2)+(N209*O$2)+(P209*Q$2)+(R209*S$2)+(T209*U$2)+(V209*W$2)+(X209*Y$2)+(Z209*AA$2)+(AB209*AC$2)+(AN209*AO$2)+(AP209*AQ$2)+(AR209*AS$2)+(AT209*AU$2)+(AV209*AW$2)+(AD209*AE$2)+(AF209*AG$2)+(AH209*AI$2)+(AJ209*$AK$2) -> 4114.4 | AY209: =sum(F209:AK209) + sum(AN209:AW209) -> 370 | AZ209: 0 | BA209: =sum(AY209:AZ209) -> 370 | BB209: =iferror(AX209/BA209,"") -> 11.12
A210: Fri | B210: =B209+1 -> 45863 | C210: 8 | D210: Week 2 | F210: 0 | H210: 0 | J210: 0 | L210: 0 | N210: 0 | P210: 0 | R210: 185 | T210: 185 | V210: 0 | X210: 0 | Z210: 0 | AB210: 0 | AD210: 0 | AF210: 0 | AH210: 0 | AL210: 0 | AX210: =(F210*G$2)+(H210*I$2)+(J210*K$2)+(L210*M$2)+(N210*O$2)+(P210*Q$2)+(R210*S$2)+(T210*U$2)+(V210*W$2)+(X210*Y$2)+(Z210*AA$2)+(AB210*AC$2)+(AN210*AO$2)+(AP210*AQ$2)+(AR210*AS$2)+(AT210*AU$2)+(AV210*AW$2)+(AD210*AE$2)+(AF210*AG$2)+(AH210*AI$2)+(AJ210*$AK$2) -> 4114.4 | AY210: =sum(F210:AK210) + sum(AN210:AW210) -> 370 | AZ210: 0 | BA210: =sum(AY210:AZ210) -> 370 | BB210: =iferror(AX210/BA210,"") -> 11.12
A211: Sat | B211: =B210+1 -> 45864 | C211: 8 | D211: Week 2 | F211: 0 | H211: 0 | J211: 0 | L211: 0 | N211: 0 | P211: 0 | R211: 185 | T211: 185 | V211: 0 | X211: 0 | Z211: 0 | AB211: 0 | AD211: 0 | AF211: 0 | AH211: 0 | AL211: 0 | AX211: =(F211*G$2)+(H211*I$2)+(J211*K$2)+(L211*M$2)+(N211*O$2)+(P211*Q$2)+(R211*S$2)+(T211*U$2)+(V211*W$2)+(X211*Y$2)+(Z211*AA$2)+(AB211*AC$2)+(AN211*AO$2)+(AP211*AQ$2)+(AR211*AS$2)+(AT211*AU$2)+(AV211*AW$2)+(AD211*AE$2)+(AF211*AG$2)+(AH211*AI$2)+(AJ211*$AK$2) -> 4114.4 | AY211: =sum(F211:AK211) + sum(AN211:AW211) -> 370 | AZ211: 0 | BA211: =sum(AY211:AZ211) -> 370 | BB211: =iferror(AX211/BA211,"") -> 11.12
A212: Sun | B212: =B211+1 -> 45865 | C212: 8 | D212: Week 2 | F212: 0 | H212: 0 | J212: 0 | L212: 0 | N212: 0 | P212: 0 | R212: 0 | T212: 0 | V212: 0 | X212: 0 | Z212: 0 | AB212: 0 | AD212: 0 | AF212: 0 | AH212: 0 | AL212: 0 | AX212: =(F212*G$2)+(H212*I$2)+(J212*K$2)+(L212*M$2)+(N212*O$2)+(P212*Q$2)+(R212*S$2)+(T212*U$2)+(V212*W$2)+(X212*Y$2)+(Z212*AA$2)+(AB212*AC$2)+(AN212*AO$2)+(AP212*AQ$2)+(AR212*AS$2)+(AT212*AU$2)+(AV212*AW$2)+(AD212*AE$2)+(AF212*AG$2)+(AH212*AI$2)+(AJ212*$AK$2) -> 0 | AY212: =sum(F212:AK212) + sum(AN212:AW212) -> 0 | AZ212: 0 | BA212: =sum(AY212:AZ212) -> 0 | BB212: =iferror(AX212/BA212,"")
... A228: Tue | B228: =B227+1 -> 45881 | C228: 9 | D228: Week 1 | F228: 0 | H228: 0 | J228: 0 | L228: 0 | N228: 0 | P228: 0 | R228: 160 | T228: 160 | V228: 0 | X228: 0 | Z228: 0 | AB228: 0 | AD228: 0 | AF228: 0 | AH228: 50 | AL228: 0 | AX228: =(F228*G$2)+(H228*I$2)+(J228*K$2)+(L228*M$2)+(N228*O$2)+(P228*Q$2)+(R228*S$2)+(T228*U$2)+(V228*W$2)+(X228*Y$2)+(Z228*AA$2)+(AB228*AC$2)+(AN228*AO$2)+(AP228*AQ$2)+(AR228*AS$2)+(AT228*AU$2)+(AV228*AW$2)+(AD228*AE$2)+(AF228*AG$2)+(AH228*AI$2)+(AJ228*$AK$2) -> 4352.9 | AY228: =sum(F228:AK228) + sum(AN228:AW228) -> 370 | AZ228: 0 | BA228: =sum(AY228:AZ228) -> 370 | BB228: =iferror(AX228/BA228,"") -> 11.764595
A229: Wed | B229: =B228+1 -> 45882 | C229: 9 | D229: Week 1 | F229: 0 | H229: 0 | J229: 0 | L229: 0 | N229: 0 | P229: 0 | R229: 160 | T229: 160 | V229: 0 | X229: 0 | Z229: 0 | AB229: 0 | AD229: 0 | AF229: 0 | AH229: 50 | AX229: =(F229*G$2)+(H229*I$2)+(J229*K$2)+(L229*M$2)+(N229*O$2)+(P229*Q$2)+(R229*S$2)+(T229*U$2)+(V229*W$2)+(X229*Y$2)+(Z229*AA$2)+(AB229*AC$2)+(AN229*AO$2)+(AP229*AQ$2)+(AR229*AS$2)+(AT229*AU$2)+(AV229*AW$2)+(AD229*AE$2)+(AF229*AG$2)+(AH229*AI$2)+(AJ229*$AK$2) -> 4352.9 | AY229: =sum(F229:AK229) + sum(AN229:AW229) -> 370 | AZ229: 0 | BA229: =sum(AY229:AZ229) -> 370 | BB229: =iferror(AX229/BA229,"") -> 11.764595
A230: Thurs | B230: =B229+1 -> 45883 | C230: 9 | D230: Week 1 | F230: 0 | H230: 0 | J230: 0 | L230: 0 | N230: 0 | P230: 0 | R230: 160 | T230: 160 | V230: 0 | X230: 0 | Z230: 0 | AB230: 0 | AD230: 0 | AF230: 0 | AH230: 50 | AL230: 0 | AX230: =(F230*G$2)+(H230*I$2)+(J230*K$2)+(L230*M$2)+(N230*O$2)+(P230*Q$2)+(R230*S$2)+(T230*U$2)+(V230*W$2)+(X230*Y$2)+(Z230*AA$2)+(AB230*AC$2)+(AN230*AO$2)+(AP230*AQ$2)+(AR230*AS$2)+(AT230*AU$2)+(AV230*AW$2)+(AD230*AE$2)+(AF230*AG$2)+(AH230*AI$2)+(AJ230*$AK$2) -> 4352.9 | AY230: =sum(F230:AK230) + sum(AN230:AW230) -> 370 | AZ230: 0 | BA230: =sum(AY230:AZ230) -> 370 | BB230: =iferror(AX230/BA230,"") -> 11.764595
A231: Fri | B231: =B230+1 -> 45884 | C231: 9 | D231: Week 1 | F231: 0 | H231: 0 | J231: 0 | L231: 0 | N231: 0 | P231: 0 | R231: 160 | T231: 160 | V231: 0 | X231: 0 | Z231: 0 | AB231: 0 | AD231: 0 | AF231: 0 | AH231: 50 | AL231: 0 | AX231: =(F231*G$2)+(H231*I$2)+(J231*K$2)+(L231*M$2)+(N231*O$2)+(P231*Q$2)+(R231*S$2)+(T231*U$2)+(V231*W$2)+(X231*Y$2)+(Z231*AA$2)+(AB231*AC$2)+(AN231*AO$2)+(AP231*AQ$2)+(AR231*AS$2)+(AT231*AU$2)+(AV231*AW$2)+(AD231*AE$2)+(AF231*AG$2)+(AH231*AI$2)+(AJ231*$AK$2) -> 4352.9 | AY231: =sum(F231:AK231) + sum(AN231:AW231) -> 370 | AZ231: 0 | BA231: =sum(AY231:AZ231) -> 370 | BB231: =iferror(AX231/BA231,"") -> 11.764595
A232: Sat | B232: =B231+1 -> 45885 | C232: 9 | D232: Week 1 | F232: 0 | H232: 0 | J232: 0 | L232: 0 | N232: 0 | P232: 0 | R232: 160 | T232: 160 | V232: 0 | X232: 0 | Z232: 0 | AB232: 0 | AD232: 0 | AF232: 0 | AH232: 50 | AL232: 0 | AX232: =(F232*G$2)+(H232*I$2)+(J232*K$2)+(L232*M$2)+(N232*O$2)+(P232*Q$2)+(R232*S$2)+(T232*U$2)+(V232*W$2)+(X232*Y$2)+(Z232*AA$2)+(AB232*AC$2)+(AN232*AO$2)+(AP232*AQ$2)+(AR232*AS$2)+(AT232*AU$2)+(AV232*AW$2)+(AD232*AE$2)+(AF232*AG$2)+(AH232*AI$2)+(AJ232*$AK$2) -> 4352.9 | AY232: =sum(F232:AK232) + sum(AN232:AW232) -> 370 | AZ232: 0 | BA232: =sum(AY232:AZ232) -> 370 | BB232: =iferror(AX232/BA232,"") -> 11.764595
A233: Sun | B233: =B232+1 -> 45886 | C233: 9 | D233: Week 1 | F233: 0 | H233: 0 | J233: 0 | L233: 0 | N233: 0 | P233: 0 | R233: 0 | T233: 0 | V233: 0 | X233: 0 | Z233: 0 | AB233: 0 | AD233: 0 | AF233: 0 | AH233: 0 | AL233: 0 | AX233: =(F233*G$2)+(H233*I$2)+(J233*K$2)+(L233*M$2)+(N233*O$2)+(P233*Q$2)+(R233*S$2)+(T233*U$2)+(V233*W$2)+(X233*Y$2)+(Z233*AA$2)+(AB233*AC$2)+(AN233*AO$2)+(AP233*AQ$2)+(AR233*AS$2)+(AT233*AU$2)+(AV233*AW$2)+(AD233*AE$2)+(AF233*AG$2)+(AH233*AI$2)+(AJ233*$AK$2) -> 0 | AY233: =sum(F233:AK233) + sum(AN233:AW233) -> 0 | AZ233: 0 | BA233: =sum(AY233:AZ233) -> 0 | BB233: =iferror(AX233/BA233,"")
A234: Mon | B234: =B233+1 -> 45887 | C234: 9 | D234: Week 2 | F234: 0 | H234: 0 | J234: 0 | L234: 0 | N234: 0 | P234: 0 | R234: 160 | T234: 160 | V234: 0 | X234: 0 | Z234: 0 | AB234: 0 | AD234: 0 | AF234: 0 | AH234: 0 | AL234: 0 | AX234: =(F234*G$2)+(H234*I$2)+(J234*K$2)+(L234*M$2)+(N234*O$2)+(P234*Q$2)+(R234*S$2)+(T234*U$2)+(V234*W$2)+(X234*Y$2)+(Z234*AA$2)+(AB234*AC$2)+(AN234*AO$2)+(AP234*AQ$2)+(AR234*AS$2)+(AT234*AU$2)+(AV234*AW$2)+(AD234*AE$2)+(AF234*AG$2)+(AH234*AI$2)+(AJ234*$AK$2) -> 3558.4 | AY234: =sum(F234:AK234) + sum(AN234:AW234) -> 320 | AZ234: 0 | BA234: =sum(AY234:AZ234) -> 320 | BB234: =iferror(AX234/BA234,"") -> 11.12
...

Sheet Actuals - Billing - 2025
A1: Toronto Blue Jays @ Dunedin, FL | F1: Major League - PDC | R1: Kirk | T1: Minor League - PDC | AF1: Single A Jays | AL1: SSM | AN1: Other | BB1: TOTALS
A2: Day | B2: Date | C2: Period | D2: Week | E2: Camp Name | F2: Breakfast | G2: 22.25 | H2: Lunch | I2: 22.25 | J2: Dinner | K2: 22.25 | L2: Umpire | M2: 22.25 | N2: Post Game Meal | O2: 22.25 | P2: Snack | Q2: 1.64 | R2: Individual Player Meals - Kirk | S2: 22.88 | T2: Breakfast -Mi | U2: 11.12 | V2: Lunch -Mi | W2: 11.12 | X2: Dinner - Mi | Y2: 11.12 | Z2: Individual Player Meals - Invoice to Michelle Separately | AA2: 11.12 | AB2: Florida Ops | AC2: 11.12 | AD2: SCOUTS - Invoice to Michelle Separately | AE2: 11.12 | AF2: Breakfast - A | AG2: 15.89 | AH2: PRE-GAME - A | AI2: 15.89 | AJ2: POST-GAME - A | AK2: 15.89 | AL2: Stadium Staff Meals | AM2: 15.89 | AN2: Fun $$$$ Allocated | AO2: 27404 | AP2: Media Meals | AQ2: 15 | AR2: MLB G&G - Pantry | AS2: 1.64 | AT2: MiLB G&G - Pantry | AU2: 1.64 | AV2: MLB - Catering | AW2: 35 | AX2: Team Canada - Home | AY2: 11.12 | AZ2: Team Canada - Road | BA2: 15.89 | BB2: Total Revenue | BC2: Total Meals | BD2: Total Snacks | BE2: Total Charged Items | BF2: Average $/Item | BG2: Invoice Date
A3: Mon | B3: 45656 | C3: 1 | D3: Week 1 | E3: CLOSED | H3: 0 | BB3: =(F3*G$2)+(H3*I$2)+(J3*K$2)+(L3*M$2)+(N3*O$2)+(P3*Q$2)+(T3*U$2)+(V3*W$2)+(X3*Y$2)+(Z3*AA$2)+(AB3*AC$2)+(AD3*AE$2)+(AP3*AQ$2)+(AR3*AS$2)+(AT3*AU$2)+(AV3*AW$2)+(AX3*AY$2)+(AF3*AG$2)+(AH3*AI$2)+(AJ3*AK$2)+(AL3*$AM$2)+(R3*$S$2) -> 0 | BC3: =sum(F3:AM3) + sum(AP3:AY3) -> 0 | BD3: =0 -> 0 | BE3: =BC3 -> 0 | BF3: =iferror(BB3/BE3,"")
A4: Tue | B4: =B3+1 -> 45657 | C4: 1 | D4: Week 1 | E4: NEW YEAR'S EVE | BB4: =(F4*G$2)+(H4*I$2)+(J4*K$2)+(L4*M$2)+(N4*O$2)+(P4*Q$2)+(T4*U$2)+(V4*W$2)+(X4*Y$2)+(Z4*AA$2)+(AB4*AC$2)+(AD4*AE$2)+(AP4*AQ$2)+(AR4*AS$2)+(AT4*AU$2)+(AV4*AW$2)+(AX4*AY$2)+(AF4*AG$2)+(AH4*AI$2)+(AJ4*AK$2)+(AL4*$AM$2)+(R4*$S$2) -> 0 | BC4: =sum(F4:AM4) + sum(AP4:AY4) -> 0 | BD4: =0 -> 0 | BE4: =BC4 -> 0 | BF4: =iferror(BB4/BE4,"")
A5: Wed | B5: =B4+1 -> 45658 | C5: 1 | D5: Week 1 | E5: NEW YEAR'S DAY | BB5: =(F5*G$2)+(H5*I$2)+(J5*K$2)+(L5*M$2)+(N5*O$2)+(P5*Q$2)+(T5*U$2)+(V5*W$2)+(X5*Y$2)+(Z5*AA$2)+(AB5*AC$2)+(AD5*AE$2)+(AP5*AQ$2)+(AR5*AS$2)+(AT5*AU$2)+(AV5*AW$2)+(AX5*AY$2)+(AF5*AG$2)+(AH5*AI$2)+(AJ5*AK$2)+(AL5*$AM$2)+(R5*$S$2) -> 0 | BC5: =sum(F5:AM5) + sum(AP5:AY5) -> 0 | BD5: =0 -> 0 | BE5: =BC5 -> 0 | BF5: =iferror(BB5/BE5,"")
A6: Thurs | B6: =B5+1 -> 45659 | C6: 1 | D6: Week 1 | E6: CLOSED | BB6: =(F6*G$2)+(H6*I$2)+(J6*K$2)+(L6*M$2)+(N6*O$2)+(P6*Q$2)+(T6*U$2)+(V6*W$2)+(X6*Y$2)+(Z6*AA$2)+(AB6*AC$2)+(AD6*AE$2)+(AP6*AQ$2)+(AR6*AS$2)+(AT6*AU$2)+(AV6*AW$2)+(AX6*AY$2)+(AF6*AG$2)+(AH6*AI$2)+(AJ6*AK$2)+(AL6*$AM$2)+(R6*$S$2) -> 0 | BC6: =sum(F6:AM6) + sum(AP6:AY6) -> 0 | BD6: =0 -> 0 | BE6: =BC6 -> 0 | BF6: =iferror(BB6/BE6,"")
A7: Fri | B7: =B6+1 -> 45660 | C7: 1 | D7: Week 1 | E7: CLOSED | BB7: =(F7*G$2)+(H7*I$2)+(J7*K$2)+(L7*M$2)+(N7*O$2)+(P7*Q$2)+(T7*U$2)+(V7*W$2)+(X7*Y$2)+(Z7*AA$2)+(AB7*AC$2)+(AD7*AE$2)+(AP7*AQ$2)+(AR7*AS$2)+(AT7*AU$2)+(AV7*AW$2)+(AX7*AY$2)+(AF7*AG$2)+(AH7*AI$2)+(AJ7*AK$2)+(AL7*$AM$2)+(R7*$S$2) -> 0 | BC7: =sum(F7:AM7) + sum(AP7:AY7) -> 0 | BD7: =0 -> 0 | BE7: =BC7 -> 0 | BF7: =iferror(BB7/BE7,"")
A8: Sat | B8: =B7+1 -> 45661 | C8: 1 | D8: Week 1 | E8: CLOSED | BB8: =(F8*G$2)+(H8*I$2)+(J8*K$2)+(L8*M$2)+(N8*O$2)+(P8*Q$2)+(T8*U$2)+(V8*W$2)+(X8*Y$2)+(Z8*AA$2)+(AB8*AC$2)+(AD8*AE$2)+(AP8*AQ$2)+(AR8*AS$2)+(AT8*AU$2)+(AV8*AW$2)+(AX8*AY$2)+(AF8*AG$2)+(AH8*AI$2)+(AJ8*AK$2)+(AL8*$AM$2)+(R8*$S$2) -> 0 | BC8: =sum(F8:AM8) + sum(AP8:AY8) -> 0 | BD8: =0 -> 0 | BE8: =BC8 -> 0 | BF8: =iferror(BB8/BE8,"")
A9: Sun | B9: =B8+1 -> 45662 | C9: 1 | D9: Week 1 | E9: CLOSED | BB9: =(F9*G$2)+(H9*I$2)+(J9*K$2)+(L9*M$2)+(N9*O$2)+(P9*Q$2)+(T9*U$2)+(V9*W$2)+(X9*Y$2)+(Z9*AA$2)+(AB9*AC$2)+(AD9*AE$2)+(AP9*AQ$2)+(AR9*AS$2)+(AT9*AU$2)+(AV9*AW$2)+(AX9*AY$2)+(AF9*AG$2)+(AH9*AI$2)+(AJ9*AK$2)+(AL9*$AM$2)+(R9*$S$2) -> 0 | BC9: =sum(F9:AM9) + sum(AP9:AY9) -> 0 | BD9: =0 -> 0 | BE9: =BC9 -> 0 | BF9: =iferror(BB9/BE9,"")
A10: Mon | B10: =B9+1 -> 45663 | C10: 1 | D10: Week 2 | E10: FIRST DAY OF 2025 | F10: 0 | H10: 0 | J10: 0 | L10: 0 | N10: 0 | P10: 0 | T10: 92 | V10: 92 | X10: 0 | Z10: 0 | AB10: 0 | AD10: 0 | AF10: 0 | AH10: 0 | AJ10: 0 | AL10: 0 | AP10: 0 | AR10: 0 | AT10: 0 | AV10: 0 | AX10: 0 | AZ10: 0 | BB10: =(F10*G$2)+(H10*I$2)+(J10*K$2)+(L10*M$2)+(N10*O$2)+(P10*Q$2)+(T10*U$2)+(V10*W$2)+(X10*Y$2)+(Z10*AA$2)+(AB10*AC$2)+(AD10*AE$2)+(AP10*AQ$2)+(AR10*AS$2)+(AT10*AU$2)+(AV10*AW$2)+(AX10*AY$2)+(AF10*AG$2)+(AH10*AI$2)+(AJ10*AK$2)+(AL10*$AM$2)+(R10*$S$2) -> 2046.08 | BC10: =sum(F10:AM10) + sum(AP10:AY10) -> 184 | BD10: =0 -> 0 | BE10: =BC10 -> 184 | BF10: =iferror(BB10/BE10,"") -> 11.12
A11: Tue | B11: =B10+1 -> 45664 | C11: 1 | D11: Week 2 | F11: 0 | H11: 0 | J11: 0 | L11: 0 | N11: 0 | P11: 0 | T11: 92 | V11: 92 | X11: 0 | Z11: 0 | AB11: 0 | AD11: 0 | AF11: 0 | AH11: 0 | AJ11: 0 | AL11: 0 | AP11: 0 | AR11: 0 | AT11: 0 | AV11: 0 | AX11: 0 | AZ11: 0 | BB11: =(F11*G$2)+(H11*I$2)+(J11*K$2)+(L11*M$2)+(N11*O$2)+(P11*Q$2)+(T11*U$2)+(V11*W$2)+(X11*Y$2)+(Z11*AA$2)+(AB11*AC$2)+(AD11*AE$2)+(AP11*AQ$2)+(AR11*AS$2)+(AT11*AU$2)+(AV11*AW$2)+(AX11*AY$2)+(AF11*AG$2)+(AH11*AI$2)+(AJ11*AK$2)+(AL11*$AM$2)+(R11*$S$2) -> 2046.08 | BC11: =sum(F11:AM11) + sum(AP11:AY11) -> 184 | BD11: =0 -> 0 | BE11: =BC11 -> 184 | BF11: =iferror(BB11/BE11,"") -> 11.12
A12: Wed | B12: =B11+1 -> 45665 | C12: 1 | D12: Week 2 | F12: 0 | H12: 0 | J12: 0 | L12: 0 | N12: 0 | P12: 0 | T12: 92 | V12: 92 | X12: 0 | Z12: 0 | AB12: 0 | AD12: 0 | AF12: 0 | AH12: 0 | AJ12: 0 | AL12: 0 | AP12: 0 | AR12: 0 | AT12: 0 | AV12: 0 | AX12: 0 | AZ12: 0 | BB12: =(F12*G$2)+(H12*I$2)+(J12*K$2)+(L12*M$2)+(N12*O$2)+(P12*Q$2)+(T12*U$2)+(V12*W$2)+(X12*Y$2)+(Z12*AA$2)+(AB12*AC$2)+(AD12*AE$2)+(AP12*AQ$2)+(AR12*AS$2)+(AT12*AU$2)+(AV12*AW$2)+(AX12*AY$2)+(AF12*AG$2)+(AH12*AI$2)+(AJ12*AK$2)+(AL12*$AM$2)+(R12*$S$2) -> 2046.08 | BC12: =sum(F12:AM12) + sum(AP12:AY12) -> 184 | BD12: =0 -> 0 | BE12: =BC12 -> 184 | BF12: =iferror(BB12/BE12,"") -> 11.12
A13: Thurs | B13: =B12+1 -> 45666 | C13: 1 | D13: Week 2 | F13: 0 | H13: 0 | J13: 0 | L13: 0 | N13: 0 | P13: 0 | T13: 92 | V13: 92 | X13: 0 | Z13: 0 | AB13: 0 | AD13: 0 | AF13: 0 | AH13: 0 | AJ13: 0 | AL13: 0 | AP13: 0 | AR13: 0 | AT13: 0 | AV13: 0 | AX13: 0 | AZ13: 0 | BB13: =(F13*G$2)+(H13*I$2)+(J13*K$2)+(L13*M$2)+(N13*O$2)+(P13*Q$2)+(T13*U$2)+(V13*W$2)+(X13*Y$2)+(Z13*AA$2)+(AB13*AC$2)+(AD13*AE$2)+(AP13*AQ$2)+(AR13*AS$2)+(AT13*AU$2)+(AV13*AW$2)+(AX13*AY$2)+(AF13*AG$2)+(AH13*AI$2)+(AJ13*AK$2)+(AL13*$AM$2)+(R13*$S$2) -> 2046.08 | BC13: =sum(F13:AM13) + sum(AP13:AY13) -> 184 | BD13: =0 -> 0 | BE13: =BC13 -> 184 | BF13: =iferror(BB13/BE13,"") -> 11.12
A14: Fri | B14: =B13+1 -> 45667 | C14: 1 | D14: Week 2 | F14: 0 | H14: 0 | J14: 0 | L14: 0 | N14: 0 | P14: 0 | T14: 92 | V14: 92 | X14: 0 | Z14: 0 | AB14: 0 | AD14: 0 | AF14: 0 | AH14: 0 | AJ14: 0 | AL14: 0 | AP14: 0 | AR14: 0 | AT14: 0 | AV14: 0 | AX14: 0 | AZ14: 0 | BB14: =(F14*G$2)+(H14*I$2)+(J14*K$2)+(L14*M$2)+(N14*O$2)+(P14*Q$2)+(T14*U$2)+(V14*W$2)+(X14*Y$2)+(Z14*AA$2)+(AB14*AC$2)+(AD14*AE$2)+(AP14*AQ$2)+(AR14*AS$2)+(AT14*AU$2)+(AV14*AW$2)+(AX14*AY$2)+(AF14*AG$2)+(AH14*AI$2)+(AJ14*AK$2)+(AL14*$AM$2)+(R14*$S$2) -> 2046.08 | BC14: =sum(F14:AM14) + sum(AP14:AY14) -> 184 | BD14: =0 -> 0 | BE14: =BC14 -> 184 | BF14: =iferror(BB14/BE14,"") -> 11.12
A15: Sat | B15: =B14+1 -> 45668 | C15: 1 | D15: Week 2 | F15: 0 | H15: 0 | J15: 0 | L15: 0 | N15: 0 | P15: 0 | T15: 0 | V15: 0 | X15: 0 | Z15: 0 | AB15: 0 | AD15: 0 | AF15: 0 | AH15: 0 | AJ15: 0 | AL15: 0 | AP15: 0 | AR15: 0 | AT15: 0 | AV15: 0 | AX15: 0 | AZ15: 0 | BB15: =(F15*G$2)+(H15*I$2)+(J15*K$2)+(L15*M$2)+(N15*O$2)+(P15*Q$2)+(T15*U$2)+(V15*W$2)+(X15*Y$2)+(Z15*AA$2)+(AB15*AC$2)+(AD15*AE$2)+(AP15*AQ$2)+(AR15*AS$2)+(AT15*AU$2)+(AV15*AW$2)+(AX15*AY$2)+(AF15*AG$2)+(AH15*AI$2)+(AJ15*AK$2)+(AL15*$AM$2)+(R15*$S$2) -> 0 | BC15: =sum(F15:AM15) + sum(AP15:AY15) -> 0 | BD15: =0 -> 0 | BE15: =BC15 -> 0 | BF15: =iferror(BB15/BE15,"")
A16: Sun | B16: =B15+1 -> 45669 | C16: 1 | D16: Week 2 | F16: 0 | H16: 0 | J16: 0 | L16: 0 | N16: 0 | P16: 0 | T16: 0 | V16: 0 | X16: 0 | Z16: 0 | AB16: 0 | AD16: 0 | AF16: 0 | AH16: 0 | AJ16: 0 | AL16: 0 | AP16: 0 | AR16: 0 | AT16: 0 | AV16: 0 | AX16: 0 | AZ16: 0 | BB16: =(F16*G$2)+(H16*I$2)+(J16*K$2)+(L16*M$2)+(N16*O$2)+(P16*Q$2)+(T16*U$2)+(V16*W$2)+(X16*Y$2)+(Z16*AA$2)+(AB16*AC$2)+(AD16*AE$2)+(AP16*AQ$2)+(AR16*AS$2)+(AT16*AU$2)+(AV16*AW$2)+(AX16*AY$2)+(AF16*AG$2)+(AH16*AI$2)+(AJ16*AK$2)+(AL16*$AM$2)+(R16*$S$2) -> 0 | BC16: =sum(F16:AM16) + sum(AP16:AY16) -> 0 | BD16: =0 -> 0 | BE16: =BC16 -> 0 | BF16: =iferror(BB16/BE16,"")
A17: Mon | B17: =B16+1 -> 45670 | C17: 1 | D17: Week 3 | F17: 25 | H17: 25 | J17: 0 | L17: 0 | N17: 0 | P17: 0 | T17: 92 | V17: 92 | X17: 0 | Z17: 0 | AB17: 0 | AD17: 0 | AF17: 0 | AH17: 0 | AJ17: 0 | AL17: 0 | AP17: 0 | AR17: 0 | AT17: 0 | AV17: 0 | AX17: 0 | AZ17: 0 | BB17: =(F17*G$2)+(H17*I$2)+(J17*K$2)+(L17*M$2)+(N17*O$2)+(P17*Q$2)+(T17*U$2)+(V17*W$2)+(X17*Y$2)+(Z17*AA$2)+(AB17*AC$2)+(AD17*AE$2)+(AP17*AQ$2)+(AR17*AS$2)+(AT17*AU$2)+(AV17*AW$2)+(AX17*AY$2)+(AF17*AG$2)+(AH17*AI$2)+(AJ17*AK$2)+(AL17*$AM$2)+(R17*$S$2) -> 3158.58 | BC17: =sum(F17:AM17) + sum(AP17:AY17) -> 234 | BD17: =0 -> 0 | BE17: =BC17 -> 234 | BF17: =iferror(BB17/BE17,"") -> 13.498205
A18: Tue | B18: =B17+1 -> 45671 | C18: 1 | D18: Week 3 | F18: 25 | H18: 25 | J18: 0 | L18: 0 | N18: 0 | P18: 0 | T18: 92 | V18: 92 | X18: 0 | Z18: 0 | AB18: 0 | AD18: 0 | AF18: 0 | AH18: 0 | AJ18: 0 | AL18: 0 | AP18: 0 | AR18: 0 | AT18: 0 | AV18: 0 | AX18: 0 | AZ18: 0 | BB18: =(F18*G$2)+(H18*I$2)+(J18*K$2)+(L18*M$2)+(N18*O$2)+(P18*Q$2)+(T18*U$2)+(V18*W$2)+(X18*Y$2)+(Z18*AA$2)+(AB18*AC$2)+(AD18*AE$2)+(AP18*AQ$2)+(AR18*AS$2)+(AT18*AU$2)+(AV18*AW$2)+(AX18*AY$2)+(AF18*AG$2)+(AH18*AI$2)+(AJ18*AK$2)+(AL18*$AM$2)+(R18*$S$2) -> 3158.58 | BC18: =sum(F18:AM18) + sum(AP18:AY18) -> 234 | BD18: =0 -> 0 | BE18: =BC18 -> 234 | BF18: =iferror(BB18/BE18,"") -> 13.498205
A19: Wed | B19: =B18+1 -> 45672 | C19: 1 | D19: Week 3 | F19: 25 | H19: 25 | J19: 0 | L19: 0 | N19: 0 | P19: 0 | T19: 92 | V19: 92 | X19: 0 | Z19: 0 | AB19: 0 | AD19: 0 | AF19: 0 | AH19: 0 | AJ19: 0 | AL19: 0 | AP19: 0 | AR19: 0 | AT19: 0 | AV19: 0 | AX19: 0 | AZ19: 0 | BB19: =(F19*G$2)+(H19*I$2)+(J19*K$2)+(L19*M$2)+(N19*O$2)+(P19*Q$2)+(T19*U$2)+(V19*W$2)+(X19*Y$2)+(Z19*AA$2)+(AB19*AC$2)+(AD19*AE$2)+(AP19*AQ$2)+(AR19*AS$2)+(AT19*AU$2)+(AV19*AW$2)+(AX19*AY$2)+(AF19*AG$2)+(AH19*AI$2)+(AJ19*AK$2)+(AL19*$AM$2)+(R19*$S$2) -> 3158.58 | BC19: =sum(F19:AM19) + sum(AP19:AY19) -> 234 | BD19: =0 -> 0 | BE19: =BC19 -> 234 | BF19: =iferror(BB19/BE19,"") -> 13.498205
A20: Thurs | B20: =B19+1 -> 45673 | C20: 1 | D20: Week 3 | F20: 25 | H20: 25 | J20: 0 | L20: 0 | N20: 0 | P20: 0 | T20: 92 | V20: 92 | X20: 0 | Z20: 0 | AB20: 0 | AD20: 0 | AF20: 0 | AH20: 0 | AJ20: 0 | AL20: 0 | AP20: 0 | AR20: 0 | AT20: 0 | AV20: 0 | AX20: 0 | AZ20: 0 | BB20: =(F20*G$2)+(H20*I$2)+(J20*K$2)+(L20*M$2)+(N20*O$2)+(P20*Q$2)+(T20*U$2)+(V20*W$2)+(X20*Y$2)+(Z20*AA$2)+(AB20*AC$2)+(AD20*AE$2)+(AP20*AQ$2)+(AR20*AS$2)+(AT20*AU$2)+(AV20*AW$2)+(AX20*AY$2)+(AF20*AG$2)+(AH20*AI$2)+(AJ20*AK$2)+(AL20*$AM$2)+(R20*$S$2) -> 3158.58 | BC20: =sum(F20:AM20) + sum(AP20:AY20) -> 234 | BD20: =0 -> 0 | BE20: =BC20 -> 234 | BF20: =iferror(BB20/BE20,"") -> 13.498205
A21: Fri | B21: =B20+1 -> 45674 | C21: 1 | D21: Week 3 | F21: 25 | H21: 25 | J21: 0 | L21: 0 | N21: 0 | P21: 0 | T21: 107 | V21: 107 | X21: 0 | Z21: 0 | AB21: 0 | AD21: 0 | AF21: 0 | AH21: 0 | AJ21: 0 | AL21: 0 | AP21: 0 | AR21: 0 | AT21: 0 | AV21: 0 | AX21: 0 | AZ21: 0 | BB21: =(F21*G$2)+(H21*I$2)+(J21*K$2)+(L21*M$2)+(N21*O$2)+(P21*Q$2)+(T21*U$2)+(V21*W$2)+(X21*Y$2)+(Z21*AA$2)+(AB21*AC$2)+(AD21*AE$2)+(AP21*AQ$2)+(AR21*AS$2)+(AT21*AU$2)+(AV21*AW$2)+(AX21*AY$2)+(AF21*AG$2)+(AH21*AI$2)+(AJ21*AK$2)+(AL21*$AM$2)+(R21*$S$2) -> 3492.18 | BC21: =sum(F21:AM21) + sum(AP21:AY21) -> 264 | BD21: =0 -> 0 | BE21: =BC21 -> 264 | BF21: =iferror(BB21/BE21,"") -> 13.227955
A22: Sat | B22: =B21+1 -> 45675 | C22: 1 | D22: Week 3 | F22: 0 | H22: 0 | J22: 0 | L22: 0 | N22: 0 | P22: 0 | T22: 0 | V22: 0 | X22: 0 | Z22: 0 | AB22: 0 | AD22: 0 | AF22: 0 | AH22: 0 | AJ22: 0 | AL22: 0 | AP22: 0 | AR22: 0 | AT22: 0 | AV22: 0 | AX22: 0 | AZ22: 0 | BB22: =(F22*G$2)+(H22*I$2)+(J22*K$2)+(L22*M$2)+(N22*O$2)+(P22*Q$2)+(T22*U$2)+(V22*W$2)+(X22*Y$2)+(Z22*AA$2)+(AB22*AC$2)+(AD22*AE$2)+(AP22*AQ$2)+(AR22*AS$2)+(AT22*AU$2)+(AV22*AW$2)+(AX22*AY$2)+(AF22*AG$2)+(AH22*AI$2)+(AJ22*AK$2)+(AL22*$AM$2)+(R22*$S$2) -> 0 | BC22: =sum(F22:AM22) + sum(AP22:AY22) -> 0 | BD22: =0 -> 0 | BE22: =BC22 -> 0 | BF22: =iferror(BB22/BE22,"")
... A26: Wed | B26: =B25+1 -> 45679 | C26: 1 | D26: Week 4 | F26: 40 | H26: 40 | J26: 0 | L26: 0 | N26: 0 | P26: 0 | T26: 165 | V26: 165 | X26: 0 | Z26: 0 | AB26: 0 | AD26: 30 | AF26: 0 | AH26: 0 | AJ26: 0 | AL26: 0 | AP26: 0 | AR26: 0 | AT26: 0 | AV26: 0 | AX26: 0 | AZ26: 0 | BB26: =(F26*G$2)+(H26*I$2)+(J26*K$2)+(L26*M$2)+(N26*O$2)+(P26*Q$2)+(T26*U$2)+(V26*W$2)+(X26*Y$2)+(Z26*AA$2)+(AB26*AC$2)+(AD26*AE$2)+(AP26*AQ$2)+(AR26*AS$2)+(AT26*AU$2)+(AV26*AW$2)+(AX26*AY$2)+(AF26*AG$2)+(AH26*AI$2)+(AJ26*AK$2)+(AL26*$AM$2)+(R26*$S$2) -> 5783.2 | BC26: =sum(F26:AM26) + sum(AP26:AY26) -> 440 | BD26: =0 -> 0 | BE26: =BC26 -> 440 | BF26: =iferror(BB26/BE26,"") -> 13.143636
A27: Thurs | B27: =B26+1 -> 45680 | C27: 1 | D27: Week 4 | F27: 40 | H27: 40 | J27: 0 | L27: 0 | N27: 0 | P27: 0 | R27: 1 | T27: 165 | V27: 165 | X27: 0 | Z27: 0 | AB27: 0 | AD27: 30 | AF27: 0 | AH27: 0 | AJ27: 0 | AL27: 0 | AP27: 0 | AR27: 0 | AT27: 0 | AV27: 0 | AX27: 0 | AZ27: 0 | BB27: =(F27*G$2)+(H27*I$2)+(J27*K$2)+(L27*M$2)+(N27*O$2)+(P27*Q$2)+(T27*U$2)+(V27*W$2)+(X27*Y$2)+(Z27*AA$2)+(AB27*AC$2)+(AD27*AE$2)+(AP27*AQ$2)+(AR27*AS$2)+(AT27*AU$2)+(AV27*AW$2)+(AX27*AY$2)+(AF27*AG$2)+(AH27*AI$2)+(AJ27*AK$2)+(AL27*$AM$2)+(R27*$S$2) -> 5806.08 | BC27: =sum(F27:AM27) + sum(AP27:AY27) -> 441 | BD27: =0 -> 0 | BE27: =BC27 -> 441 | BF27: =iferror(BB27/BE27,"") -> 13.165714
A28: Fri | B28: =B27+1 -> 45681 | C28: 1 | D28: Week 4 | F28: 40 | H28: 40 | J28: 0 | L28: 0 | N28: 0 | P28: 0 | R28: 1 | T28: 165 | V28: 165 | X28: 0 | Z28: 0 | AB28: 0 | AD28: 30 | AF28: 0 | AH28: 0 | AJ28: 0 | AL28: 0 | AP28: 0 | AR28: 0 | AT28: 0 | AV28: 0 | AX28: 0 | AZ28: 0 | BB28: =(F28*G$2)+(H28*I$2)+(J28*K$2)+(L28*M$2)+(N28*O$2)+(P28*Q$2)+(T28*U$2)+(V28*W$2)+(X28*Y$2)+(Z28*AA$2)+(AB28*AC$2)+(AD28*AE$2)+(AP28*AQ$2)+(AR28*AS$2)+(AT28*AU$2)+(AV28*AW$2)+(AX28*AY$2)+(AF28*AG$2)+(AH28*AI$2)+(AJ28*AK$2)+(AL28*$AM$2)+(R28*$S$2) -> 5806.08 | BC28: =sum(F28:AM28) + sum(AP28:AY28) -> 441 | BD28: =0 -> 0 | BE28: =BC28 -> 441 | BF28: =iferror(BB28/BE28,"") -> 13.165714
A29: Sat | B29: =B28+1 -> 45682 | C29: 1 | D29: Week 4 | F29: 0 | H29: 0 | J29: 0 | L29: 0 | N29: 0 | P29: 0 | R29: 2 | T29: 0 | V29: 0 | X29: 0 | Z29: 0 | AB29: 0 | AD29: 0 | AF29: 0 | AH29: 0 | AJ29: 0 | AL29: 0 | AP29: 0 | AR29: 0 | AT29: 0 | AV29: 0 | AX29: 0 | AZ29: 0 | BB29: =(F29*G$2)+(H29*I$2)+(J29*K$2)+(L29*M$2)+(N29*O$2)+(P29*Q$2)+(T29*U$2)+(V29*W$2)+(X29*Y$2)+(Z29*AA$2)+(AB29*AC$2)+(AD29*AE$2)+(AP29*AQ$2)+(AR29*AS$2)+(AT29*AU$2)+(AV29*AW$2)+(AX29*AY$2)+(AF29*AG$2)+(AH29*AI$2)+(AJ29*AK$2)+(AL29*$AM$2)+(R29*$S$2) -> 45.76 | BC29: =sum(F29:AM29) + sum(AP29:AY29) -> 2 | BD29: =0 -> 0 | BE29: =BC29 -> 2 | BF29: =iferror(BB29/BE29,"") -> 22.88
A30: Sun | B30: =B29+1 -> 45683 | C30: 1 | D30: Week 4 | F30: 0 | H30: 0 | J30: 0 | L30: 0 | N30: 0 | P30: 0 | R30: 2 | T30: 0 | V30: 0 | X30: 0 | Z30: 0 | AB30: 0 | AD30: 0 | AF30: 0 | AH30: 0 | AJ30: 0 | AL30: 0 | AP30: 0 | AR30: 0 | AT30: 0 | AV30: 0 | AX30: 0 | AZ30: 0 | BB30: =(F30*G$2)+(H30*I$2)+(J30*K$2)+(L30*M$2)+(N30*O$2)+(P30*Q$2)+(T30*U$2)+(V30*W$2)+(X30*Y$2)+(Z30*AA$2)+(AB30*AC$2)+(AD30*AE$2)+(AP30*AQ$2)+(AR30*AS$2)+(AT30*AU$2)+(AV30*AW$2)+(AX30*AY$2)+(AF30*AG$2)+(AH30*AI$2)+(AJ30*AK$2)+(AL30*$AM$2)+(R30*$S$2) -> 45.76 | BC30: =sum(F30:AM30) + sum(AP30:AY30) -> 2 | BD30: =0 -> 0 | BE30: =BC30 -> 2 | BF30: =iferror(BB30/BE30,"") -> 22.88
A31: Mon | B31: =B30+1 -> 45684 | C31: 2 | D31: Week 1 | F31: 60 | H31: 60 | J31: 0 | L31: 0 | N31: 0 | P31: 0 | R31: 1 | T31: 160 | V31: 160 | X31: 0 | Z31: 0 | AB31: 0 | AD31: 0 | AF31: 0 | AH31: 0 | AJ31: 0 | AL31: 0 | AP31: 0 | AR31: 0 | AT31: 175 | AV31: 0 | AX31: 0 | AZ31: 0 | BB31: =(F31*G$2)+(H31*I$2)+(J31*K$2)+(L31*M$2)+(N31*O$2)+(P31*Q$2)+(T31*U$2)+(V31*W$2)+(X31*Y$2)+(Z31*AA$2)+(AB31*AC$2)+(AD31*AE$2)+(AP31*AQ$2)+(AR31*AS$2)+(AT31*AU$2)+(AV31*AW$2)+(AX31*AY$2)+(AF31*AG$2)+(AH31*AI$2)+(AJ31*AK$2)+(AL31*$AM$2)+(R31*$S$2) -> 6538.28 | BC31: =sum(F31:AM31) + sum(AP31:AY31) -> 616 | BD31: =0 -> 0 | BE31: =BC31 -> 616 | BF31: =iferror(BB31/BE31,"") -> 10.614091
A32: Tue | B32: =B31+1 -> 45685 | C32: 2 | D32: Week 1 | F32: 60 | H32: 60 | J32: 0 | L32: 0 | N32: 0 | P32: 0 | R32: 1 | T32: 160 | V32: 160 | X32: 0 | Z32: 0 | AB32: 0 | AD32: 0 | AF32: 0 | AH32: 0 | AJ32: 0 | AL32: 0 | AP32: 0 | AR32: 0 | AT32: 0 | AV32: 0 | AX32: 0 | AZ32: 0 | BB32: =(F32*G$2)+(H32*I$2)+(J32*K$2)+(L32*M$2)+(N32*O$2)+(P32*Q$2)+(T32*U$2)+(V32*W$2)+(X32*Y$2)+(Z32*AA$2)+(AB32*AC$2)+(AD32*AE$2)+(AP32*AQ$2)+(AR32*AS$2)+(AT32*AU$2)+(AV32*AW$2)+(AX32*AY$2)+(AF32*AG$2)+(AH32*AI$2)+(AJ32*AK$2)+(AL32*$AM$2)+(R32*$S$2) -> 6251.28 | BC32: =sum(F32:AM32) + sum(AP32:AY32) -> 441 | BD32: =0 -> 0 | BE32: =BC32 -> 441 | BF32: =iferror(BB32/BE32,"") -> 14.175238
A33: Wed | B33: =B32+1 -> 45686 | C33: 2 | D33: Week 1 | F33: 60 | H33: 60 | J33: 0 | L33: 0 | N33: 0 | P33: 0 | R33: 1 | T33: 160 | V33: 160 | X33: 0 | Z33: 0 | AB33: 0 | AD33: 0 | AF33: 0 | AH33: 0 | AJ33: 0 | AL33: 0 | AP33: 0 | AR33: 0 | AT33: 0 | AV33: 0 | AX33: 0 | AZ33: 0 | BB33: =(F33*G$2)+(H33*I$2)+(J33*K$2)+(L33*M$2)+(N33*O$2)+(P33*Q$2)+(T33*U$2)+(V33*W$2)+(X33*Y$2)+(Z33*AA$2)+(AB33*AC$2)+(AD33*AE$2)+(AP33*AQ$2)+(AR33*AS$2)+(AT33*AU$2)+(AV33*AW$2)+(AX33*AY$2)+(AF33*AG$2)+(AH33*AI$2)+(AJ33*AK$2)+(AL33*$AM$2)+(R33*$S$2) -> 6251.28 | BC33: =sum(F33:AM33) + sum(AP33:AY33) -> 441 | BD33: =0 -> 0 | BE33: =BC33 -> 441 | BF33: =iferror(BB33/BE33,"") -> 14.175238
A34: Thurs | B34: =B33+1 -> 45687 | C34: 2 | D34: Week 1 | F34: 60 | H34: 60 | J34: 0 | L34: 0 | N34: 0 | P34: 0 | R34: 1 | T34: 160 | V34: 160 | X34: 0 | Z34: 0 | AB34: 0 | AD34: 0 | AF34: 0 | AH34: 0 | AJ34: 0 | AL34: 0 | AP34: 0 | AR34: 0 | AT34: 0 | AV34: 0 | AX34: 0 | AZ34: 0 | BB34: =(F34*G$2)+(H34*I$2)+(J34*K$2)+(L34*M$2)+(N34*O$2)+(P34*Q$2)+(T34*U$2)+(V34*W$2)+(X34*Y$2)+(Z34*AA$2)+(AB34*AC$2)+(AD34*AE$2)+(AP34*AQ$2)+(AR34*AS$2)+(AT34*AU$2)+(AV34*AW$2)+(AX34*AY$2)+(AF34*AG$2)+(AH34*AI$2)+(AJ34*AK$2)+(AL34*$AM$2)+(R34*$S$2) -> 6251.28 | BC34: =sum(F34:AM34) + sum(AP34:AY34) -> 441 | BD34: =0 -> 0 | BE34: =BC34 -> 441 | BF34: =iferror(BB34/BE34,"") -> 14.175238
A35: Fri | B35: =B34+1 -> 45688 | C35: 2 | D35: Week 1 | F35: 60 | H35: 60 | J35: 0 | L35: 0 | N35: 0 | P35: 0 | R35: 1 | T35: 160 | V35: 160 | X35: 0 | Z35: 0 | AB35: 0 | AD35: 0 | AF35: 0 | AH35: 0 | AJ35: 0 | AL35: 0 | AP35: 0 | AR35: 0 | AT35: 0 | AV35: 0 | AX35: 0 | AZ35: 0 | BB35: =(F35*G$2)+(H35*I$2)+(J35*K$2)+(L35*M$2)+(N35*O$2)+(P35*Q$2)+(T35*U$2)+(V35*W$2)+(X35*Y$2)+(Z35*AA$2)+(AB35*AC$2)+(AD35*AE$2)+(AP35*AQ$2)+(AR35*AS$2)+(AT35*AU$2)+(AV35*AW$2)+(AX35*AY$2)+(AF35*AG$2)+(AH35*AI$2)+(AJ35*AK$2)+(AL35*$AM$2)+(R35*$S$2) -> 6251.28 | BC35: =sum(F35:AM35) + sum(AP35:AY35) -> 441 | BD35: =0 -> 0 | BE35: =BC35 -> 441 | BF35: =iferror(BB35/BE35,"") -> 14.175238
A36: Sat | B36: =B35+1 -> 45689 | C36: 2 | D36: Week 1 | F36: 60 | H36: 60 | J36: 0 | L36: 0 | N36: 0 | P36: 0 | R36: 0 | T36: 160 | V36: 160 | X36: 0 | Z36: 0 | AB36: 0 | AD36: 0 | AF36: 0 | AH36: 0 | AJ36: 0 | AL36: 0 | AP36: 0 | AR36: 0 | AT36: 0 | AV36: 0 | AX36: 0 | AZ36: 0 | BB36: =(F36*G$2)+(H36*I$2)+(J36*K$2)+(L36*M$2)+(N36*O$2)+(P36*Q$2)+(T36*U$2)+(V36*W$2)+(X36*Y$2)+(Z36*AA$2)+(AB36*AC$2)+(AD36*AE$2)+(AP36*AQ$2)+(AR36*AS$2)+(AT36*AU$2)+(AV36*AW$2)+(AX36*AY$2)+(AF36*AG$2)+(AH36*AI$2)+(AJ36*AK$2)+(AL36*$AM$2)+(R36*$S$2) -> 6228.4 | BC36: =sum(F36:AM36) + sum(AP36:AY36) -> 440 | BD36: =0 -> 0 | BE36: =BC36 -> 440 | BF36: =iferror(BB36/BE36,"") -> 14.155455
A37: Sun | B37: =B36+1 -> 45690 | C37: 2 | D37: Week 1 | F37: 0 | H37: 0 | J37: 0 | L37: 0 | N37: 0 | P37: 0 | T37: 0 | V37: 0 | X37: 0 | Z37: 0 | AB37: 0 | AD37: 0 | AF37: 0 | AH37: 0 | AJ37: 0 | AL37: 0 | AP37: 0 | AR37: 0 | AT37: 0 | AV37: 0 | AX37: 0 | AZ37: 0 | BB37: =(F37*G$2)+(H37*I$2)+(J37*K$2)+(L37*M$2)+(N37*O$2)+(P37*Q$2)+(T37*U$2)+(V37*W$2)+(X37*Y$2)+(Z37*AA$2)+(AB37*AC$2)+(AD37*AE$2)+(AP37*AQ$2)+(AR37*AS$2)+(AT37*AU$2)+(AV37*AW$2)+(AX37*AY$2)+(AF37*AG$2)+(AH37*AI$2)+(AJ37*AK$2)+(AL37*$AM$2)+(R37*$S$2) -> 0 | BC37: =sum(F37:AM37) + sum(AP37:AY37) -> 0 | BD37: =0 -> 0 | BE37: =BC37 -> 0 | BF37: =iferror(BB37/BE37,"")
A38: Mon | B38: =B37+1 -> 45691 | C38: 2 | D38: Week 2 | F38: 60 | H38: 60 | J38: 0 | L38: 0 | N38: 0 | P38: 0 | R38: 1 | T38: 170 | V38: 170 | X38: 155 | Z38: 0 | AB38: 0 | AD38: 0 | AF38: 0 | AH38: 0 | AJ38: 0 | AL38: 0 | AP38: 0 | AR38: 0 | AT38: 175 | AV38: 0 | AX38: 0 | AZ38: 0 | BB38: =(F38*G$2)+(H38*I$2)+(J38*K$2)+(L38*M$2)+(N38*O$2)+(P38*Q$2)+(T38*U$2)+(V38*W$2)+(X38*Y$2)+(Z38*AA$2)+(AB38*AC$2)+(AD38*AE$2)+(AP38*AQ$2)+(AR38*AS$2)+(AT38*AU$2)+(AV38*AW$2)+(AX38*AY$2)+(AF38*AG$2)+(AH38*AI$2)+(AJ38*AK$2)+(AL38*$AM$2)+(R38*$S$2) -> 8484.28 | BC38: =sum(F38:AM38) + sum(AP38:AY38) -> 791 | BD38: =0 -> 0 | BE38: =BC38 -> 791 | BF38: =iferror(BB38/BE38,"") -> 10.726018
A39: Tue | B39: =B38+1 -> 45692 | C39: 2 | D39: Week 2 | F39: 60 | H39: 60 | J39: 0 | L39: 0 | N39: 0 | P39: 0 | R39: 1 | T39: 170 | V39: 170 | X39: 0 | Z39: 0 | AB39: 0 | AD39: 0 | AF39: 0 | AH39: 0 | AJ39: 0 | AL39: 0 | AP39: 0 | AR39: 0 | AT39: 0 | AV39: 0 | AX39: 0 | AZ39: 0 | BB39: =(F39*G$2)+(H39*I$2)+(J39*K$2)+(L39*M$2)+(N39*O$2)+(P39*Q$2)+(T39*U$2)+(V39*W$2)+(X39*Y$2)+(Z39*AA$2)+(AB39*AC$2)+(AD39*AE$2)+(AP39*AQ$2)+(AR39*AS$2)+(AT39*AU$2)+(AV39*AW$2)+(AX39*AY$2)+(AF39*AG$2)+(AH39*AI$2)+(AJ39*AK$2)+(AL39*$AM$2)+(R39*$S$2) -> 6473.68 | BC39: =sum(F39:AM39) + sum(AP39:AY39) -> 461 | BD39: =0 -> 0 | BE39: =BC39 -> 461 | BF39: =iferror(BB39/BE39,"") -> 14.04269
A40: Wed | B40: =B39+1 -> 45693 | C40: 2 | D40: Week 2 | F40: 60 | H40: 60 | J40: 0 | L40: 0 | N40: 0 | P40: 0 | R40: 1 | T40: 170 | V40: 170 | X40: 0 | Z40: 0 | AB40: 0 | AD40: 0 | AF40: 0 | AH40: 0 | AJ40: 0 | AL40: 0 | AP40: 0 | AR40: 0 | AT40: 0 | AV40: 0 | AX40: 0 | AZ40: 0 | BB40: =(F40*G$2)+(H40*I$2)+(J40*K$2)+(L40*M$2)+(N40*O$2)+(P40*Q$2)+(T40*U$2)+(V40*W$2)+(X40*Y$2)+(Z40*AA$2)+(AB40*AC$2)+(AD40*AE$2)+(AP40*AQ$2)+(AR40*AS$2)+(AT40*AU$2)+(AV40*AW$2)+(AX40*AY$2)+(AF40*AG$2)+(AH40*AI$2)+(AJ40*AK$2)+(AL40*$AM$2)+(R40*$S$2) -> 6473.68 | BC40: =sum(F40:AM40) + sum(AP40:AY40) -> 461 | BD40: =0 -> 0 | BE40: =BC40 -> 461 | BF40: =iferror(BB40/BE40,"") -> 14.04269
A41: Thurs | B41: =B40+1 -> 45694 | C41: 2 | D41: Week 2 | F41: 60 | H41: 60 | J41: 0 | L41: 0 | N41: 0 | P41: 0 | R41: 1 | T41: 185 | V41: 185 | X41: 0 | Z41: 0 | AB41: 0 | AD41: 0 | AF41: 0 | AH41: 0 | AJ41: 0 | AL41: 0 | AP41: 0 | AR41: 0 | AT41: 0 | AV41: 0 | AX41: 0 | AZ41: 0 | BB41: =(F41*G$2)+(H41*I$2)+(J41*K$2)+(L41*M$2)+(N41*O$2)+(P41*Q$2)+(T41*U$2)+(V41*W$2)+(X41*Y$2)+(Z41*AA$2)+(AB41*AC$2)+(AD41*AE$2)+(AP41*AQ$2)+(AR41*AS$2)+(AT41*AU$2)+(AV41*AW$2)+(AX41*AY$2)+(AF41*AG$2)+(AH41*AI$2)+(AJ41*AK$2)+(AL41*$AM$2)+(R41*$S$2) -> 6807.28 | BC41: =sum(F41:AM41) + sum(AP41:AY41) -> 491 | BD41: =0 -> 0 | BE41: =BC41 -> 491 | BF41: =iferror(BB41/BE41,"") -> 13.864114
A42: Fri | B42: =B41+1 -> 45695 | C42: 2 | D42: Week 2 | F42: 60 | H42: 60 | J42: 0 | L42: 0 | N42: 0 | P42: 0 | R42: 1 | T42: 185 | V42: 185 | X42: 0 | Z42: 0 | AB42: 0 | AD42: 0 | AF42: 0 | AH42: 0 | AJ42: 0 | AL42: 0 | AP42: 0 | AR42: 0 | AT42: 0 | AV42: 0 | AX42: 0 | AZ42: 0 | BB42: =(F42*G$2)+(H42*I$2)+(J42*K$2)+(L42*M$2)+(N42*O$2)+(P42*Q$2)+(T42*U$2)+(V42*W$2)+(X42*Y$2)+(Z42*AA$2)+(AB42*AC$2)+(AD42*AE$2)+(AP42*AQ$2)+(AR42*AS$2)+(AT42*AU$2)+(AV42*AW$2)+(AX42*AY$2)+(AF42*AG$2)+(AH42*AI$2)+(AJ42*AK$2)+(AL42*$AM$2)+(R42*$S$2) -> 6807.28 | BC42: =sum(F42:AM42) + sum(AP42:AY42) -> 491 | BD42: =0 -> 0 | BE42: =BC42 -> 491 | BF42: =iferror(BB42/BE42,"") -> 13.864114
A43: Sat | B43: =B42+1 -> 45696 | C43: 2 | D43: Week 2 | F43: 60 | H43: 60 | J43: 0 | L43: 0 | N43: 0 | P43: 0 | R43: 4 | T43: 185 | V43: 185 | X43: 0 | Z43: 0 | AB43: 0 | AD43: 0 | AF43: 0 | AH43: 0 | AJ43: 0 | AL43: 0 | AP43: 0 | AR43: 0 | AT43: 0 | AV43: 0 | AX43: 0 | AZ43: 0 | BB43: =(F43*G$2)+(H43*I$2)+(J43*K$2)+(L43*M$2)+(N43*O$2)+(P43*Q$2)+(T43*U$2)+(V43*W$2)+(X43*Y$2)+(Z43*AA$2)+(AB43*AC$2)+(AD43*AE$2)+(AP43*AQ$2)+(AR43*AS$2)+(AT43*AU$2)+(AV43*AW$2)+(AX43*AY$2)+(AF43*AG$2)+(AH43*AI$2)+(AJ43*AK$2)+(AL43*$AM$2)+(R43*$S$2) -> 6875.92 | BC43: =sum(F43:AM43) + sum(AP43:AY43) -> 494 | BD43: =0 -> 0 | BE43: =BC43 -> 494 | BF43: =iferror(BB43/BE43,"") -> 13.918866
A44: Sun | B44: =B43+1 -> 45697 | C44: 2 | D44: Week 2 | F44: 0 | H44: 0 | J44: 0 | L44: 0 | N44: 0 | P44: 0 | R44: 0 | T44: 0 | V44: 0 | X44: 0 | Z44: 0 | AB44: 0 | AD44: 0 | AF44: 0 | AH44: 0 | AJ44: 0 | AL44: 0 | AP44: 0 | AR44: 0 | AT44: 0 | AV44: 0 | AX44: 0 | AZ44: 0 | BB44: =(F44*G$2)+(H44*I$2)+(J44*K$2)+(L44*M$2)+(N44*O$2)+(P44*Q$2)+(T44*U$2)+(V44*W$2)+(X44*Y$2)+(Z44*AA$2)+(AB44*AC$2)+(AD44*AE$2)+(AP44*AQ$2)+(AR44*AS$2)+(AT44*AU$2)+(AV44*AW$2)+(AX44*AY$2)+(AF44*AG$2)+(AH44*AI$2)+(AJ44*AK$2)+(AL44*$AM$2)+(R44*$S$2) -> 0 | BC44: =sum(F44:AM44) + sum(AP44:AY44) -> 0 | BD44: =0 -> 0 | BE44: =BC44 -> 0 | BF44: =iferror(BB44/BE44,"")
A45: Mon | B45: =B44+1 -> 45698 | C45: 2 | D45: Week 3 | F45: 80 | H45: 80 | J45: 0 | L45: 0 | N45: 0 | P45: 0 | R45: 1 | T45: 225 | V45: 225 | X45: 150 | Z45: 0 | AB45: 0 | AD45: 0 | AF45: 0 | AH45: 0 | AJ45: 0 | AL45: 0 | AP45: 0 | AR45: 0 | AT45: 175 | AV45: 0 | AX45: 0 | AZ45: 0 | BB45: =(F45*G$2)+(H45*I$2)+(J45*K$2)+(L45*M$2)+(N45*O$2)+(P45*Q$2)+(T45*U$2)+(V45*W$2)+(X45*Y$2)+(Z45*AA$2)+(AB45*AC$2)+(AD45*AE$2)+(AP45*AQ$2)+(AR45*AS$2)+(AT45*AU$2)+(AV45*AW$2)+(AX45*AY$2)+(AF45*AG$2)+(AH45*AI$2)+(AJ45*AK$2)+(AL45*$AM$2)+(R45*$S$2) -> 10541.88 | BC45: =sum(F45:AM45) + sum(AP45:AY45) -> 936 | BD45: =0 -> 0 | BE45: =BC45 -> 936 | BF45: =iferror(BB45/BE45,"") -> 11.262692
A46: Tue | B46: =B45+1 -> 45699 | C46: 2 | D46: Week 3 | F46: 80 | H46: 80 | J46: 0 | L46: 0 | N46: 0 | P46: 0 | R46: 1 | T46: 225 | V46: 225 | X46: 0 | Z46: 0 | AB46: 0 | AD46: 0 | AF46: 0 | AH46: 0 | AJ46: 0 | AL46: 0 | AP46: 0 | AR46: 0 | AT46: 0 | AV46: 0 | AX46: 0 | AZ46: 0 | BB46: =(F46*G$2)+(H46*I$2)+(J46*K$2)+(L46*M$2)+(N46*O$2)+(P46*Q$2)+(T46*U$2)+(V46*W$2)+(X46*Y$2)+(Z46*AA$2)+(AB46*AC$2)+(AD46*AE$2)+(AP46*AQ$2)+(AR46*AS$2)+(AT46*AU$2)+(AV46*AW$2)+(AX46*AY$2)+(AF46*AG$2)+(AH46*AI$2)+(AJ46*AK$2)+(AL46*$AM$2)+(R46*$S$2) -> 8586.88 | BC46: =sum(F46:AM46) + sum(AP46:AY46) -> 611 | BD46: =0 -> 0 | BE46: =BC46 -> 611 | BF46: =iferror(BB46/BE46,"") -> 14.053813
A47: Wed | B47: =B46+1 -> 45700 | C47: 2 | D47: Week 3 | F47: 80 | H47: 80 | J47: 125 | L47: 0 | N47: 0 | P47: 0 | R47: 1 | T47: 225 | V47: 225 | X47: 0 | Z47: 0 | AB47: 0 | AD47: 0 | AF47: 0 | AH47: 0 | AJ47: 0 | AL47: 0 | AP47: 0 | AR47: 0 | AT47: 0 | AV47: 0 | AX47: 0 | AZ47: 0 | BB47: =(F47*G$2)+(H47*I$2)+(J47*K$2)+(L47*M$2)+(N47*O$2)+(P47*Q$2)+(T47*U$2)+(V47*W$2)+(X47*Y$2)+(Z47*AA$2)+(AB47*AC$2)+(AD47*AE$2)+(AP47*AQ$2)+(AR47*AS$2)+(AT47*AU$2)+(AV47*AW$2)+(AX47*AY$2)+(AF47*AG$2)+(AH47*AI$2)+(AJ47*AK$2)+(AL47*$AM$2)+(R47*$S$2) -> 11368.13 | BC47: =sum(F47:AM47) + sum(AP47:AY47) -> 736 | BD47: =0 -> 0 | BE47: =BC47 -> 736 | BF47: =iferror(BB47/BE47,"") -> 15.445829
A48: Thurs | B48: =B47+1 -> 45701 | C48: 2 | D48: Week 3 | F48: 125 | H48: 125 | J48: 0 | L48: 0 | N48: 0 | P48: 0 | R48: 1 | T48: 225 | V48: 225 | X48: 0 | Z48: 0 | AB48: 0 | AD48: 0 | AF48: 0 | AH48: 0 | AJ48: 0 | AL48: 0 | AP48: 4 | AR48: 0 | AT48: 0 | AV48: 0 | AX48: 0 | AZ48: 0 | BB48: =(F48*G$2)+(H48*I$2)+(J48*K$2)+(L48*M$2)+(N48*O$2)+(P48*Q$2)+(T48*U$2)+(V48*W$2)+(X48*Y$2)+(Z48*AA$2)+(AB48*AC$2)+(AD48*AE$2)+(AP48*AQ$2)+(AR48*AS$2)+(AT48*AU$2)+(AV48*AW$2)+(AX48*AY$2)+(AF48*AG$2)+(AH48*AI$2)+(AJ48*AK$2)+(AL48*$AM$2)+(R48*$S$2) -> 10649.38 | BC48: =sum(F48:AM48) + sum(AP48:AY48) -> 705 | BD48: =0 -> 0 | BE48: =BC48 -> 705 | BF48: =iferror(BB48/BE48,"") -> 15.105504
A49: Fri | B49: =B48+1 -> 45702 | C49: 2 | D49: Week 3 | F49: 125 | H49: 125 | J49: 0 | L49: 0 | N49: 0 | P49: 0 | R49: 1 | T49: 225 | V49: 225 | X49: 0 | Z49: 0 | AB49: 0 | AD49: 0 | AF49: 0 | AH49: 0 | AJ49: 0 | AL49: 0 | AP49: 4 | AR49: 0 | AT49: 0 | AV49: 0 | AX49: 0 | AZ49: 0 | BB49: =(F49*G$2)+(H49*I$2)+(J49*K$2)+(L49*M$2)+(N49*O$2)+(P49*Q$2)+(T49*U$2)+(V49*W$2)+(X49*Y$2)+(Z49*AA$2)+(AB49*AC$2)+(AD49*AE$2)+(AP49*AQ$2)+(AR49*AS$2)+(AT49*AU$2)+(AV49*AW$2)+(AX49*AY$2)+(AF49*AG$2)+(AH49*AI$2)+(AJ49*AK$2)+(AL49*$AM$2)+(R49*$S$2) -> 10649.38 | BC49: =sum(F49:AM49) + sum(AP49:AY49) -> 705 | BD49: =0 -> 0 | BE49: =BC49 -> 705 | BF49: =iferror(BB49/BE49,"") -> 15.105504
... A51: Sun | B51: =B50+1 -> 45704 | C51: 2 | D51: Week 3 | F51: 125 | H51: 125 | J51: 0 | L51: 0 | N51: 0 | P51: 0 | R51: 2 | T51: 0 | V51: 0 | X51: 0 | Z51: 0 | AB51: 0 | AD51: 0 | AF51: 0 | AH51: 0 | AJ51: 0 | AL51: 0 | AP51: 5 | AR51: 0 | AT51: 0 | AV51: 0 | AX51: 0 | AZ51: 0 | BB51: =(F51*G$2)+(H51*I$2)+(J51*K$2)+(L51*M$2)+(N51*O$2)+(P51*Q$2)+(T51*U$2)+(V51*W$2)+(X51*Y$2)+(Z51*AA$2)+(AB51*AC$2)+(AD51*AE$2)+(AP51*AQ$2)+(AR51*AS$2)+(AT51*AU$2)+(AV51*AW$2)+(AX51*AY$2)+(AF51*AG$2)+(AH51*AI$2)+(AJ51*AK$2)+(AL51*$AM$2)+(R51*$S$2) -> 5683.26 | BC51: =sum(F51:AM51) + sum(AP51:AY51) -> 257 | BD51: =0 -> 0 | BE51: =BC51 -> 257 | BF51: =iferror(BB51/BE51,"") -> 22.113852
A52: Mon | B52: =B51+1 -> 45705 | C52: 2 | D52: Week 4 | F52: 150 | H52: 150 | J52: 50 | L52: 0 | N52: 0 | P52: 0 | R52: 1 | T52: 250 | V52: 250 | X52: 0 | Z52: 0 | AB52: 0 | AD52: 0 | AF52: 0 | AH52: 0 | AJ52: 0 | AL52: 0 | AN52: 0 | AP52: 5 | AR52: 0 | AT52: 175 | AV52: 0 | AX52: 0 | AZ52: 0 | BB52: =(F52*G$2)+(H52*I$2)+(J52*K$2)+(L52*M$2)+(N52*O$2)+(P52*Q$2)+(T52*U$2)+(V52*W$2)+(X52*Y$2)+(Z52*AA$2)+(AB52*AC$2)+(AD52*AE$2)+(AP52*AQ$2)+(AR52*AS$2)+(AT52*AU$2)+(AV52*AW$2)+(AX52*AY$2)+(AF52*AG$2)+(AH52*AI$2)+(AJ52*AK$2)+(AL52*$AM$2)+(R52*$S$2) -> 13732.38 | BC52: =sum(F52:AM52) + sum(AP52:AY52) -> 1031 | BD52: =0 -> 0 | BE52: =BC52 -> 1031 | BF52: =iferror(BB52/BE52,"") -> 13.319476
A53: Tue | B53: =B52+1 -> 45706 | C53: 2 | D53: Week 4 | F53: 150 | H53: 150 | J53: 0 | L53: 0 | N53: 0 | P53: 0 | R53: 1 | T53: 250 | V53: 250 | X53: 0 | Z53: 0 | AB53: 0 | AD53: 0 | AF53: 0 | AH53: 0 | AJ53: 0 | AL53: 0 | AN53: 0 | AP53: 3 | AR53: 0 | AT53: 0 | AV53: 0 | AX53: 0 | AZ53: 0 | BB53: =(F53*G$2)+(H53*I$2)+(J53*K$2)+(L53*M$2)+(N53*O$2)+(P53*Q$2)+(T53*U$2)+(V53*W$2)+(X53*Y$2)+(Z53*AA$2)+(AB53*AC$2)+(AD53*AE$2)+(AP53*AQ$2)+(AR53*AS$2)+(AT53*AU$2)+(AV53*AW$2)+(AX53*AY$2)+(AF53*AG$2)+(AH53*AI$2)+(AJ53*AK$2)+(AL53*$AM$2)+(R53*$S$2) -> 12302.88 | BC53: =sum(F53:AM53) + sum(AP53:AY53) -> 804 | BD53: =0 -> 0 | BE53: =BC53 -> 804 | BF53: =iferror(BB53/BE53,"") -> 15.30209
A54: Wed | B54: =B53+1 -> 45707 | C54: 2 | D54: Week 4 | F54: 150 | H54: 150 | J54: 0 | L54: 0 | N54: 0 | P54: 0 | R54: 1 | T54: 250 | V54: 250 | X54: 0 | Z54: 0 | AB54: 0 | AD54: 0 | AF54: 0 | AH54: 0 | AJ54: 0 | AL54: 0 | AN54: 0 | AP54: 1 | AR54: 0 | AT54: 0 | AV54: 0 | AX54: 0 | AZ54: 0 | BB54: =(F54*G$2)+(H54*I$2)+(J54*K$2)+(L54*M$2)+(N54*O$2)+(P54*Q$2)+(T54*U$2)+(V54*W$2)+(X54*Y$2)+(Z54*AA$2)+(AB54*AC$2)+(AD54*AE$2)+(AP54*AQ$2)+(AR54*AS$2)+(AT54*AU$2)+(AV54*AW$2)+(AX54*AY$2)+(AF54*AG$2)+(AH54*AI$2)+(AJ54*AK$2)+(AL54*$AM$2)+(R54*$S$2) -> 12272.88 | BC54: =sum(F54:AM54) + sum(AP54:AY54) -> 802 | BD54: =0 -> 0 | BE54: =BC54 -> 802 | BF54: =iferror(BB54/BE54,"") -> 15.302843
A55: Thurs | B55: =B54+1 -> 45708 | C55: 2 | D55: Week 4 | F55: 150 | H55: 150 | J55: 0 | L55: 0 | N55: 0 | P55: 0 | R55: 1 | T55: 250 | V55: 250 | X55: 0 | Z55: 0 | AB55: 0 | AD55: 0 | AF55: 0 | AH55: 0 | AJ55: 0 | AL55: 0 | AN55: 0 | AP55: 5 | AR55: 0 | AT55: 0 | AV55: 0 | AX55: 0 | AZ55: 0 | BB55: =(F55*G$2)+(H55*I$2)+(J55*K$2)+(L55*M$2)+(N55*O$2)+(P55*Q$2)+(T55*U$2)+(V55*W$2)+(X55*Y$2)+(Z55*AA$2)+(AB55*AC$2)+(AD55*AE$2)+(AP55*AQ$2)+(AR55*AS$2)+(AT55*AU$2)+(AV55*AW$2)+(AX55*AY$2)+(AF55*AG$2)+(AH55*AI$2)+(AJ55*AK$2)+(AL55*$AM$2)+(R55*$S$2) -> 12332.88 | BC55: =sum(F55:AM55) + sum(AP55:AY55) -> 806 | BD55: =0 -> 0 | BE55: =BC55 -> 806 | BF55: =iferror(BB55/BE55,"") -> 15.30134
A56: Fri | B56: =B55+1 -> 45709 | C56: 2 | D56: Week 4 | F56: 150 | H56: 150 | J56: 0 | L56: 0 | N56: 0 | P56: 0 | R56: 1 | T56: 250 | V56: 250 | X56: 0 | Z56: 0 | AB56: 0 | AD56: 0 | AF56: 0 | AH56: 0 | AJ56: 0 | AL56: 0 | AN56: 0 | AP56: 3 | AR56: 0 | AT56: 0 | AV56: 0 | AX56: 0 | AZ56: 0 | BB56: =(F56*G$2)+(H56*I$2)+(J56*K$2)+(L56*M$2)+(N56*O$2)+(P56*Q$2)+(T56*U$2)+(V56*W$2)+(X56*Y$2)+(Z56*AA$2)+(AB56*AC$2)+(AD56*AE$2)+(AP56*AQ$2)+(AR56*AS$2)+(AT56*AU$2)+(AV56*AW$2)+(AX56*AY$2)+(AF56*AG$2)+(AH56*AI$2)+(AJ56*AK$2)+(AL56*$AM$2)+(R56*$S$2) -> 12302.88 | BC56: =sum(F56:AM56) + sum(AP56:AY56) -> 804 | BD56: =0 -> 0 | BE56: =BC56 -> 804 | BF56: =iferror(BB56/BE56,"") -> 15.30209
A57: Sat | B57: =B56+1 -> 45710 | C57: 2 | D57: Week 4 | F57: 150 | H57: 150 | J57: 0 | L57: 0 | N57: 65 | P57: 0 | R57: 0 | T57: 250 | V57: 250 | X57: 0 | Z57: 0 | AB57: 0 | AD57: 0 | AF57: 0 | AH57: 0 | AJ57: 0 | AL57: 0 | AN57: 0 | AP57: 0 | AR57: 0 | AT57: 0 | AV57: 0 | AX57: 0 | AZ57: 0 | BB57: =(F57*G$2)+(H57*I$2)+(J57*K$2)+(L57*M$2)+(N57*O$2)+(P57*Q$2)+(T57*U$2)+(V57*W$2)+(X57*Y$2)+(Z57*AA$2)+(AB57*AC$2)+(AD57*AE$2)+(AP57*AQ$2)+(AR57*AS$2)+(AT57*AU$2)+(AV57*AW$2)+(AX57*AY$2)+(AF57*AG$2)+(AH57*AI$2)+(AJ57*AK$2)+(AL57*$AM$2)+(R57*$S$2) -> 13681.25 | BC57: =sum(F57:AM57) + sum(AP57:AY57) -> 865 | BD57: =0 -> 0 | BE57: =BC57 -> 865 | BF57: =iferror(BB57/BE57,"") -> 15.816474
A58: Sun | B58: =B57+1 -> 45711 | C58: 2 | D58: Week 4 | F58: 150 | H58: 150 | J58: 0 | L58: 0 | N58: 0 | P58: 0 | R58: 1 | T58: 0 | V58: 0 | X58: 0 | Z58: 0 | AB58: 0 | AD58: 0 | AF58: 0 | AH58: 0 | AJ58: 0 | AL58: 0 | AN58: 0 | AP58: 0 | AR58: 0 | AT58: 0 | AV58: 0 | AX58: 0 | AZ58: 0 | BB58: =(F58*G$2)+(H58*I$2)+(J58*K$2)+(L58*M$2)+(N58*O$2)+(P58*Q$2)+(T58*U$2)+(V58*W$2)+(X58*Y$2)+(Z58*AA$2)+(AB58*AC$2)+(AD58*AE$2)+(AP58*AQ$2)+(AR58*AS$2)+(AT58*AU$2)+(AV58*AW$2)+(AX58*AY$2)+(AF58*AG$2)+(AH58*AI$2)+(AJ58*AK$2)+(AL58*$AM$2)+(R58*$S$2) -> 6697.88 | BC58: =sum(F58:AM58) + sum(AP58:AY58) -> 301 | BD58: =0 -> 0 | BE58: =BC58 -> 301 | BF58: =iferror(BB58/BE58,"") -> 22.252093
A59: Mon | B59: =B58+1 -> 45712 | C59: 3 | D59: Week 1 | F59: 150 | H59: 150 | J59: 0 | L59: 0 | N59: 0 | P59: 0 | R59: 1 | T59: 250 | V59: 250 | X59: 100 | Z59: 0 | AB59: 0 | AD59: 0 | AF59: 0 | AH59: 0 | AJ59: 0 | AL59: 0 | AN59: 0 | AP59: 0 | AR59: 175 | AT59: 175 | AV59: 0 | AX59: 0 | AZ59: 0 | BB59: =(F59*G$2)+(H59*I$2)+(J59*K$2)+(L59*M$2)+(N59*O$2)+(P59*Q$2)+(T59*U$2)+(V59*W$2)+(X59*Y$2)+(Z59*AA$2)+(AB59*AC$2)+(AD59*AE$2)+(AP59*AQ$2)+(AR59*AS$2)+(AT59*AU$2)+(AV59*AW$2)+(AX59*AY$2)+(AF59*AG$2)+(AH59*AI$2)+(AJ59*AK$2)+(AL59*$AM$2)+(R59*$S$2) -> 13943.88 | BC59: =sum(F59:AM59) + sum(AP59:AY59) -> 1251 | BD59: =0 -> 0 | BE59: =BC59 -> 1251 | BF59: =iferror(BB59/BE59,"") -> 11.146187
A60: Tue | B60: =B59+1 -> 45713 | C60: 3 | D60: Week 1 | F60: 150 | H60: 150 | J60: 0 | L60: 0 | N60: 65 | P60: 0 | R60: 0 | T60: 250 | V60: 250 | X60: 0 | Z60: 0 | AB60: 0 | AD60: 0 | AF60: 0 | AH60: 0 | AJ60: 0 | AL60: 0 | AN60: 0 | AP60: 0 | AR60: 0 | AT60: 0 | AV60: 0 | AX60: 0 | AZ60: 0 | BB60: =(F60*G$2)+(H60*I$2)+(J60*K$2)+(L60*M$2)+(N60*O$2)+(P60*Q$2)+(T60*U$2)+(V60*W$2)+(X60*Y$2)+(Z60*AA$2)+(AB60*AC$2)+(AD60*AE$2)+(AP60*AQ$2)+(AR60*AS$2)+(AT60*AU$2)+(AV60*AW$2)+(AX60*AY$2)+(AF60*AG$2)+(AH60*AI$2)+(AJ60*AK$2)+(AL60*$AM$2)+(R60*$S$2) -> 13681.25 | BC60: =sum(F60:AM60) + sum(AP60:AY60) -> 865 | BD60: =0 -> 0 | BE60: =BC60 -> 865 | BF60: =iferror(BB60/BE60,"") -> 15.816474
A61: Wed | B61: =B60+1 -> 45714 | C61: 3 | D61: Week 1 | F61: 150 | H61: 150 | J61: 0 | L61: 0 | N61: 65 | P61: 0 | R61: 1 | T61: 250 | V61: 250 | X61: 0 | Z61: 0 | AB61: 0 | AD61: 0 | AF61: 0 | AH61: 0 | AJ61: 0 | AL61: 0 | AN61: 0 | AP61: 0 | AR61: 0 | AT61: 0 | AV61: 0 | AX61: 0 | AZ61: 0 | BB61: =(F61*G$2)+(H61*I$2)+(J61*K$2)+(L61*M$2)+(N61*O$2)+(P61*Q$2)+(T61*U$2)+(V61*W$2)+(X61*Y$2)+(Z61*AA$2)+(AB61*AC$2)+(AD61*AE$2)+(AP61*AQ$2)+(AR61*AS$2)+(AT61*AU$2)+(AV61*AW$2)+(AX61*AY$2)+(AF61*AG$2)+(AH61*AI$2)+(AJ61*AK$2)+(AL61*$AM$2)+(R61*$S$2) -> 13704.13 | BC61: =sum(F61:AM61) + sum(AP61:AY61) -> 866 | BD61: =0 -> 0 | BE61: =BC61 -> 866 | BF61: =iferror(BB61/BE61,"") -> 15.82463
A62: Thurs | B62: =B61+1 -> 45715 | C62: 3 | D62: Week 1 | F62: 150 | H62: 150 | J62: 0 | L62: 0 | N62: 0 | P62: 0 | R62: 1 | T62: 250 | V62: 250 | X62: 0 | Z62: 0 | AB62: 0 | AD62: 0 | AF62: 0 | AH62: 0 | AJ62: 0 | AL62: 0 | AN62: 0 | AP62: 0 | AR62: 0 | AT62: 0 | AV62: 0 | AX62: 0 | AZ62: 0 | BB62: =(F62*G$2)+(H62*I$2)+(J62*K$2)+(L62*M$2)+(N62*O$2)+(P62*Q$2)+(T62*U$2)+(V62*W$2)+(X62*Y$2)+(Z62*AA$2)+(AB62*AC$2)+(AD62*AE$2)+(AP62*AQ$2)+(AR62*AS$2)+(AT62*AU$2)+(AV62*AW$2)+(AX62*AY$2)+(AF62*AG$2)+(AH62*AI$2)+(AJ62*AK$2)+(AL62*$AM$2)+(R62*$S$2) -> 12257.88 | BC62: =sum(F62:AM62) + sum(AP62:AY62) -> 801 | BD62: =0 -> 0 | BE62: =BC62 -> 801 | BF62: =iferror(BB62/BE62,"") -> 15.303221
A63: Fri | B63: =B62+1 -> 45716 | C63: 3 | D63: Week 1 | F63: 150 | H63: 150 | J63: 0 | L63: 0 | N63: 65 | P63: 0 | R63: 0 | T63: 250 | V63: 250 | X63: 0 | Z63: 0 | AB63: 0 | AD63: 0 | AF63: 0 | AH63: 0 | AJ63: 0 | AL63: 0 | AN63: 0 | AP63: 0 | AR63: 0 | AT63: 0 | AV63: 0 | AX63: 0 | AZ63: 0 | BB63: =(F63*G$2)+(H63*I$2)+(J63*K$2)+(L63*M$2)+(N63*O$2)+(P63*Q$2)+(T63*U$2)+(V63*W$2)+(X63*Y$2)+(Z63*AA$2)+(AB63*AC$2)+(AD63*AE$2)+(AP63*AQ$2)+(AR63*AS$2)+(AT63*AU$2)+(AV63*AW$2)+(AX63*AY$2)+(AF63*AG$2)+(AH63*AI$2)+(AJ63*AK$2)+(AL63*$AM$2)+(R63*$S$2) -> 13681.25 | BC63: =sum(F63:AM63) + sum(AP63:AY63) -> 865 | BD63: =0 -> 0 | BE63: =BC63 -> 865 | BF63: =iferror(BB63/BE63,"") -> 15.816474
A64: Sat | B64: =B63+1 -> 45717 | C64: 3 | D64: Week 1 | F64: 150 | H64: 150 | J64: 0 | L64: 0 | N64: 0 | P64: 0 | R64: 1 | T64: 275 | V64: 275 | X64: 0 | Z64: 0 | AB64: 0 | AD64: 0 | AF64: 0 | AH64: 0 | AJ64: 0 | AL64: 0 | AN64: 0 | AP64: 0 | AR64: 0 | AT64: 0 | AV64: 0 | AX64: 0 | AZ64: 0 | BB64: =(F64*G$2)+(H64*I$2)+(J64*K$2)+(L64*M$2)+(N64*O$2)+(P64*Q$2)+(T64*U$2)+(V64*W$2)+(X64*Y$2)+(Z64*AA$2)+(AB64*AC$2)+(AD64*AE$2)+(AP64*AQ$2)+(AR64*AS$2)+(AT64*AU$2)+(AV64*AW$2)+(AX64*AY$2)+(AF64*AG$2)+(AH64*AI$2)+(AJ64*AK$2)+(AL64*$AM$2)+(R64*$S$2) -> 12813.88 | BC64: =sum(F64:AM64) + sum(AP64:AY64) -> 851 | BD64: =0 -> 0 | BE64: =BC64 -> 851 | BF64: =iferror(BB64/BE64,"") -> 15.057438
A65: Sun | B65: =B64+1 -> 45718 | C65: 3 | D65: Week 1 | F65: 150 | H65: 150 | J65: 0 | L65: 0 | N65: 65 | P65: 0 | R65: 1 | T65: 0 | V65: 0 | X65: 0 | Z65: 0 | AB65: 0 | AD65: 0 | AF65: 0 | AH65: 0 | AJ65: 0 | AL65: 0 | AN65: =2300 -> 2300 | AP65: 0 | AR65: 0 | AT65: 0 | AV65: 0 | AX65: 0 | AZ65: 0 | BB65: =(F65*G$2)+(H65*I$2)+(J65*K$2)+(L65*M$2)+(N65*O$2)+(P65*Q$2)+(T65*U$2)+(V65*W$2)+(X65*Y$2)+(Z65*AA$2)+(AB65*AC$2)+(AD65*AE$2)+(AP65*AQ$2)+(AR65*AS$2)+(AT65*AU$2)+(AV65*AW$2)+(AX65*AY$2)+(AF65*AG$2)+(AH65*AI$2)+(AJ65*AK$2)+(AL65*$AM$2)+(R65*$S$2) -> 8144.13 | BC65: =sum(F65:AM65) + sum(AP65:AY65) -> 366 | BD65: =0 -> 0 | BE65: =BC65 -> 366 | BF65: =iferror(BB65/BE65,"") -> 22.251721
A66: Mon | B66: =B65+1 -> 45719 | C66: 3 | D66: Week 2 | F66: 150 | H66: 150 | J66: 0 | L66: 0 | N66: 0 | P66: 0 | R66: 0 | T66: 300 | V66: 300 | X66: 0 | Z66: 0 | AB66: 0 | AD66: 0 | AF66: 0 | AH66: 0 | AJ66: 0 | AL66: 0 | AN66: 0 | AP66: 0 | AR66: 175 | AT66: 175 | AV66: 0 | AX66: 0 | AZ66: 0 | BB66: =(F66*G$2)+(H66*I$2)+(J66*K$2)+(L66*M$2)+(N66*O$2)+(P66*Q$2)+(T66*U$2)+(V66*W$2)+(X66*Y$2)+(Z66*AA$2)+(AB66*AC$2)+(AD66*AE$2)+(AP66*AQ$2)+(AR66*AS$2)+(AT66*AU$2)+(AV66*AW$2)+(AX66*AY$2)+(AF66*AG$2)+(AH66*AI$2)+(AJ66*AK$2)+(AL66*$AM$2)+(R66*$S$2) -> 13921 | BC66: =sum(F66:AM66) + sum(AP66:AY66) -> 1250 | BD66: =0 -> 0 | BE66: =BC66 -> 1250 | BF66: =iferror(BB66/BE66,"") -> 11.1368
A67: Tue | B67: =B66+1 -> 45720 | C67: 3 | D67: Week 2 | F67: 30 | H67: 30 | J67: 0 | L67: 0 | N67: 0 | P67: 0 | R67: 0 | T67: 300 | V67: 300 | X67: 0 | Z67: 0 | AB67: 0 | AD67: 0 | AF67: 0 | AH67: 0 | AJ67: 0 | AL67: 0 | AN67: 0 | AP67: 0 | AR67: 0 | AT67: 0 | AV67: 0 | AX67: 0 | AZ67: 0 | BB67: =(F67*G$2)+(H67*I$2)+(J67*K$2)+(L67*M$2)+(N67*O$2)+(P67*Q$2)+(T67*U$2)+(V67*W$2)+(X67*Y$2)+(Z67*AA$2)+(AB67*AC$2)+(AD67*AE$2)+(AP67*AQ$2)+(AR67*AS$2)+(AT67*AU$2)+(AV67*AW$2)+(AX67*AY$2)+(AF67*AG$2)+(AH67*AI$2)+(AJ67*AK$2)+(AL67*$AM$2)+(R67*$S$2) -> 8007 | BC67: =sum(F67:AM67) + sum(AP67:AY67) -> 660 | BD67: =0 -> 0 | BE67: =BC67 -> 660 | BF67: =iferror(BB67/BE67,"") -> 12.131818
A68: Wed | B68: =B67+1 -> 45721 | C68: 3 | D68: Week 2 | F68: 150 | H68: 150 | J68: 0 | L68: 0 | N68: 0 | P68: 0 | R68: 0 | T68: 300 | V68: 300 | X68: 0 | Z68: 0 | AB68: 0 | AD68: 0 | AF68: 0 | AH68: 0 | AJ68: 0 | AL68: 0 | AN68: 0 | AP68: 0 | AR68: 0 | AT68: 0 | AV68: 0 | AX68: 0 | AZ68: 0 | BB68: =(F68*G$2)+(H68*I$2)+(J68*K$2)+(L68*M$2)+(N68*O$2)+(P68*Q$2)+(T68*U$2)+(V68*W$2)+(X68*Y$2)+(Z68*AA$2)+(AB68*AC$2)+(AD68*AE$2)+(AP68*AQ$2)+(AR68*AS$2)+(AT68*AU$2)+(AV68*AW$2)+(AX68*AY$2)+(AF68*AG$2)+(AH68*AI$2)+(AJ68*AK$2)+(AL68*$AM$2)+(R68*$S$2) -> 13347 | BC68: =sum(F68:AM68) + sum(AP68:AY68) -> 900 | BD68: =0 -> 0 | BE68: =BC68 -> 900 | BF68: =iferror(BB68/BE68,"") -> 14.83
A69: Thurs | B69: =B68+1 -> 45722 | C69: 3 | D69: Week 2 | F69: 150 | H69: 150 | J69: 0 | L69: 0 | N69: 65 | P69: 0 | R69: 0 | T69: 300 | V69: 300 | X69: 0 | Z69: 0 | AB69: 0 | AD69: 0 | AF69: 0 | AH69: 0 | AJ69: 0 | AL69: 0 | AN69: 0 | AP69: 0 | AR69: 0 | AT69: 0 | AV69: 0 | AX69: 0 | AZ69: 0 | BB69: =(F69*G$2)+(H69*I$2)+(J69*K$2)+(L69*M$2)+(N69*O$2)+(P69*Q$2)+(T69*U$2)+(V69*W$2)+(X69*Y$2)+(Z69*AA$2)+(AB69*AC$2)+(AD69*AE$2)+(AP69*AQ$2)+(AR69*AS$2)+(AT69*AU$2)+(AV69*AW$2)+(AX69*AY$2)+(AF69*AG$2)+(AH69*AI$2)+(AJ69*AK$2)+(AL69*$AM$2)+(R69*$S$2) -> 14793.25 | BC69: =sum(F69:AM69) + sum(AP69:AY69) -> 965 | BD69: =0 -> 0 | BE69: =BC69 -> 965 | BF69: =iferror(BB69/BE69,"") -> 15.329793
A70: Fri | B70: =B69+1 -> 45723 | C70: 3 | D70: Week 2 | F70: 150 | H70: 150 | J70: 0 | L70: 0 | N70: 0 | P70: 0 | R70: 2 | T70: 50 | V70: 50 | X70: 0 | Z70: 0 | AB70: 0 | AD70: 0 | AF70: 0 | AH70: 0 | AJ70: 0 | AL70: 0 | AN70: 0 | AP70: 0 | AR70: 0 | AT70: 0 | AV70: 0 | AX70: 0 | AZ70: 0 | BB70: =(F70*G$2)+(H70*I$2)+(J70*K$2)+(L70*M$2)+(N70*O$2)+(P70*Q$2)+(T70*U$2)+(V70*W$2)+(X70*Y$2)+(Z70*AA$2)+(AB70*AC$2)+(AD70*AE$2)+(AP70*AQ$2)+(AR70*AS$2)+(AT70*AU$2)+(AV70*AW$2)+(AX70*AY$2)+(AF70*AG$2)+(AH70*AI$2)+(AJ70*AK$2)+(AL70*$AM$2)+(R70*$S$2) -> 7832.76 | BC70: =sum(F70:AM70) + sum(AP70:AY70) -> 402 | BD70: =0 -> 0 | BE70: =BC70 -> 402 | BF70: =iferror(BB70/BE70,"") -> 19.484478
A71: Sat | B71: =B70+1 -> 45724 | C71: 3 | D71: Week 2 | F71: 150 | H71: 150 | J71: 0 | L71: 0 | N71: 65 | P71: 0 | R71: 0 | T71: 300 | V71: 300 | X71: 0 | Z71: 0 | AB71: 0 | AD71: 0 | AF71: 0 | AH71: 0 | AJ71: 0 | AL71: 0 | AN71: 0 | AP71: 0 | AR71: 0 | AT71: 0 | AV71: 0 | AX71: 0 | AZ71: 0 | BB71: =(F71*G$2)+(H71*I$2)+(J71*K$2)+(L71*M$2)+(N71*O$2)+(P71*Q$2)+(T71*U$2)+(V71*W$2)+(X71*Y$2)+(Z71*AA$2)+(AB71*AC$2)+(AD71*AE$2)+(AP71*AQ$2)+(AR71*AS$2)+(AT71*AU$2)+(AV71*AW$2)+(AX71*AY$2)+(AF71*AG$2)+(AH71*AI$2)+(AJ71*AK$2)+(AL71*$AM$2)+(R71*$S$2) -> 14793.25 | BC71: =sum(F71:AM71) + sum(AP71:AY71) -> 965 | BD71: =0 -> 0 | BE71: =BC71 -> 965 | BF71: =iferror(BB71/BE71,"") -> 15.329793
A72: Sun | B72: =B71+1 -> 45725 | C72: 3 | D72: Week 2 | F72: 150 | H72: 150 | J72: 0 | L72: 0 | N72: 0 | P72: 0 | R72: 0 | T72: 300 | V72: 300 | X72: 0 | Z72: 0 | AB72: 0 | AD72: 0 | AF72: 0 | AH72: 0 | AJ72: 0 | AL72: 0 | AN72: 0 | AP72: 0 | AR72: 0 | AT72: 0 | AV72: 0 | AX72: 0 | AZ72: 0 | BB72: =(F72*G$2)+(H72*I$2)+(J72*K$2)+(L72*M$2)+(N72*O$2)+(P72*Q$2)+(T72*U$2)+(V72*W$2)+(X72*Y$2)+(Z72*AA$2)+(AB72*AC$2)+(AD72*AE$2)+(AP72*AQ$2)+(AR72*AS$2)+(AT72*AU$2)+(AV72*AW$2)+(AX72*AY$2)+(AF72*AG$2)+(AH72*AI$2)+(AJ72*AK$2)+(AL72*$AM$2)+(R72*$S$2) -> 13347 | BC72: =sum(F72:AM72) + sum(AP72:AY72) -> 900 | BD72: =0 -> 0 | BE72: =BC72 -> 900 | BF72: =iferror(BB72/BE72,"") -> 14.83
A73: Mon | B73: =B72+1 -> 45726 | C73: 3 | D73: Week 3 | F73: 150 | H73: 150 | J73: 0 | L73: 0 | N73: 65 | P73: 0 | R73: 0 | T73: 300 | V73: 300 | X73: 0 | Z73: 0 | AB73: 0 | AD73: 0 | AF73: 0 | AH73: 0 | AJ73: 0 | AL73: 0 | AN73: 2300 | AP73: 0 | AR73: 175 | AT73: 175 | AV73: 0 | AX73: 0 | AZ73: 0 | BB73: =(F73*G$2)+(H73*I$2)+(J73*K$2)+(L73*M$2)+(N73*O$2)+(P73*Q$2)+(T73*U$2)+(V73*W$2)+(X73*Y$2)+(Z73*AA$2)+(AB73*AC$2)+(AD73*AE$2)+(AP73*AQ$2)+(AR73*AS$2)+(AT73*AU$2)+(AV73*AW$2)+(AX73*AY$2)+(AF73*AG$2)+(AH73*AI$2)+(AJ73*AK$2)+(AL73*$AM$2)+(R73*$S$2) -> 15367.25 | BC73: =sum(F73:AM73) + sum(AP73:AY73) -> 1315 | BD73: =0 -> 0 | BE73: =BC73 -> 1315 | BF73: =iferror(BB73/BE73,"") -> 11.686122
A74: Tue | B74: =B73+1 -> 45727 | C74: 3 | D74: Week 3 | F74: 115 | H74: 115 | J74: 0 | L74: 0 | N74: 65 | P74: 0 | R74: 0 | T74: 300 | V74: 300 | X74: 0 | Z74: 0 | AB74: 0 | AD74: 0 | AF74: 0 | AH74: 0 | AJ74: 0 | AL74: 0 | AN74: 0 | AP74: 0 | AR74: 0 | AT74: 0 | AV74: 0 | AX74: 0 | AZ74: 0 | BB74: =(F74*G$2)+(H74*I$2)+(J74*K$2)+(L74*M$2)+(N74*O$2)+(P74*Q$2)+(T74*U$2)+(V74*W$2)+(X74*Y$2)+(Z74*AA$2)+(AB74*AC$2)+(AD74*AE$2)+(AP74*AQ$2)+(AR74*AS$2)+(AT74*AU$2)+(AV74*AW$2)+(AX74*AY$2)+(AF74*AG$2)+(AH74*AI$2)+(AJ74*AK$2)+(AL74*$AM$2)+(R74*$S$2) -> 13235.75 | BC74: =sum(F74:AM74) + sum(AP74:AY74) -> 895 | BD74: =0 -> 0 | BE74: =BC74 -> 895 | BF74: =iferror(BB74/BE74,"") -> 14.788547
A75: Wed | B75: =B74+1 -> 45728 | C75: 3 | D75: Week 3 | F75: 0 | H75: 0 | J75: 0 | L75: 0 | N75: 0 | P75: 0 | R75: 0 | T75: 0 | V75: 0 | X75: 0 | Z75: 0 | AB75: 0 | AD75: 0 | AF75: 0 | AH75: 0 | AJ75: 0 | AL75: 0 | AN75: 0 | AP75: 0 | AR75: 0 | AT75: 0 | AV75: 0 | AX75: 0 | AZ75: 0 | BB75: =(F75*G$2)+(H75*I$2)+(J75*K$2)+(L75*M$2)+(N75*O$2)+(P75*Q$2)+(T75*U$2)+(V75*W$2)+(X75*Y$2)+(Z75*AA$2)+(AB75*AC$2)+(AD75*AE$2)+(AP75*AQ$2)+(AR75*AS$2)+(AT75*AU$2)+(AV75*AW$2)+(AX75*AY$2)+(AF75*AG$2)+(AH75*AI$2)+(AJ75*AK$2)+(AL75*$AM$2)+(R75*$S$2) -> 0 | BC75: =sum(F75:AM75) + sum(AP75:AY75) -> 0 | BD75: =0 -> 0 | BE75: =BC75 -> 0 | BF75: =iferror(BB75/BE75,"")
A76: Thurs | B76: =B75+1 -> 45729 | C76: 3 | D76: Week 3 | F76: 115 | H76: 115 | J76: 0 | L76: 0 | N76: 65 | P76: 0 | R76: 0 | T76: 300 | V76: 300 | X76: 0 | Z76: 0 | AB76: 0 | AD76: 0 | AF76: 0 | AH76: 0 | AJ76: 0 | AL76: 0 | AN76: 0 | AP76: 0 | AR76: 0 | AT76: 0 | AV76: 0 | AX76: 0 | AZ76: 0 | BB76: =(F76*G$2)+(H76*I$2)+(J76*K$2)+(L76*M$2)+(N76*O$2)+(P76*Q$2)+(T76*U$2)+(V76*W$2)+(X76*Y$2)+(Z76*AA$2)+(AB76*AC$2)+(AD76*AE$2)+(AP76*AQ$2)+(AR76*AS$2)+(AT76*AU$2)+(AV76*AW$2)+(AX76*AY$2)+(AF76*AG$2)+(AH76*AI$2)+(AJ76*AK$2)+(AL76*$AM$2)+(R76*$S$2) -> 13235.75 | BC76: =sum(F76:AM76) + sum(AP76:AY76) -> 895 | BD76: =0 -> 0 | BE76: =BC76 -> 895 | BF76: =iferror(BB76/BE76,"") -> 14.788547
A77: Fri | B77: =B76+1 -> 45730 | C77: 3 | D77: Week 3 | F77: 115 | H77: 115 | J77: 0 | L77: 0 | N77: 0 | P77: 0 | R77: 0 | T77: 300 | V77: 300 | X77: 0 | Z77: 0 | AB77: 0 | AD77: 0 | AF77: 0 | AH77: 0 | AJ77: 0 | AL77: 0 | AN77: 0 | AP77: 0 | AR77: 0 | AT77: 0 | AV77: 0 | AX77: 0 | AZ77: 0 | BB77: =(F77*G$2)+(H77*I$2)+(J77*K$2)+(L77*M$2)+(N77*O$2)+(P77*Q$2)+(T77*U$2)+(V77*W$2)+(X77*Y$2)+(Z77*AA$2)+(AB77*AC$2)+(AD77*AE$2)+(AP77*AQ$2)+(AR77*AS$2)+(AT77*AU$2)+(AV77*AW$2)+(AX77*AY$2)+(AF77*AG$2)+(AH77*AI$2)+(AJ77*AK$2)+(AL77*$AM$2)+(R77*$S$2) -> 11789.5 | BC77: =sum(F77:AM77) + sum(AP77:AY77) -> 830 | BD77: =0 -> 0 | BE77: =BC77 -> 830 | BF77: =iferror(BB77/BE77,"") -> 14.204217
... A114: Sun | B114: =B113+1 -> 45767 | C114: 4 | D114: Week 4 | F114: 0 | H114: 0 | J114: 0 | L114: 0 | N114: 0 | P114: 0 | R114: 0 | T114: 0 | V114: 0 | X114: 0 | Z114: 0 | AB114: 0 | AD114: 0 | AF114: 0 | AH114: 0 | AJ114: 0 | AL114: 0 | AN114: 0 | AP114: 0 | AR114: 0 | AT114: 0 | AV114: 0 | AX114: 0 | AZ114: 0 | BB114: =(F114*G$2)+(H114*I$2)+(J114*K$2)+(L114*M$2)+(N114*O$2)+(P114*Q$2)+(T114*U$2)+(V114*W$2)+(X114*Y$2)+(Z114*AA$2)+(AB114*AC$2)+(AD114*AE$2)+(AP114*AQ$2)+(AR114*AS$2)+(AT114*AU$2)+(AV114*AW$2)+(AX114*AY$2)+(AF114*AG$2)+(AH114*AI$2)+(AJ114*AK$2)+(AL114*$AM$2)+(R114*$S$2) -> 0 | BC114: =sum(F114:AM114) + sum(AP114:AY114) -> 0 | BD114: =0 -> 0 | BE114: =BC114 -> 0 | BF114: =iferror(BB114/BE114,"")
A115: Mon | B115: =B114+1 -> 45768 | C115: 5 | D115: Week 1 | G115: 0 | H115: 0 | J115: 0 | L115: 0 | N115: 0 | P115: 0 | R115: 0 | T115: 135 | V115: 135 | X115: 0 | Z115: 0 | AB115: 0 | AD115: 0 | AF115: 0 | AH115: 0 | AJ115: 0 | AL115: 0 | AN115: 0 | AP115: 0 | AR115: 0 | AT115: 0 | AV115: 0 | AX115: 46 | AZ115: 0 | BB115: =(P119*G$2)+(H115*I$2)+(J115*K$2)+(L115*M$2)+(N115*O$2)+(P115*Q$2)+(T115*U$2)+(V115*W$2)+(X115*Y$2)+(Z115*AA$2)+(AB115*AC$2)+(AD115*AE$2)+(AP115*AQ$2)+(AR115*AS$2)+(AT115*AU$2)+(AV115*AW$2)+(AX115*AY$2)+(AF115*AG$2)+(AH115*AI$2)+(AJ115*AK$2)+(AL115*$AM$2)+(R115*$S$2) -> 3513.92 | BC115: =sum(F115:AM115) + sum(AP115:AY115) -> 316 | BD115: =0 -> 0 | BE115: =BC115 -> 316 | BF115: =iferror(BB115/BE115,"") -> 11.12
A116: Tue | B116: =B115+1 -> 45769 | C116: 5 | D116: Week 1 | F116: 0 | H116: 0 | J116: 0 | L116: 0 | N116: 0 | P116: 0 | R116: 0 | T116: 135 | V116: 135 | X116: 0 | Z116: 0 | AB116: 0 | AD116: 0 | AF116: 0 | AH116: 0 | AJ116: 0 | AL116: 0 | AN116: 0 | AP116: 0 | AR116: 0 | AT116: 0 | AV116: 0 | AX116: 0 | AZ116: 39 | BB116: =(F116*G$2)+(H116*I$2)+(J116*K$2)+(L116*M$2)+(N116*O$2)+(P116*Q$2)+(T116*U$2)+(V116*W$2)+(X116*Y$2)+(Z116*AA$2)+(AB116*AC$2)+(AD116*AE$2)+(AP116*AQ$2)+(AR116*AS$2)+(AT116*AU$2)+(AV116*AW$2)+(AX116*AY$2)+(AF116*AG$2)+(AH116*AI$2)+(AJ116*AK$2)+(AL116*$AM$2)+(R116*$S$2) -> 3002.4 | BC116: =sum(F116:AM116) + sum(AP116:AY116) -> 270 | BD116: =0 -> 0 | BE116: =BC116 -> 270 | BF116: =iferror(BB116/BE116,"") -> 11.12
A117: Wed | B117: =B116+1 -> 45770 | C117: 5 | D117: Week 1 | F117: 0 | H117: 0 | J117: 0 | L117: 0 | N117: 0 | P117: 0 | R117: 0 | T117: 135 | V117: 135 | X117: 0 | Z117: 0 | AB117: 3 | AD117: 0 | AF117: 0 | AH117: 0 | AJ117: 0 | AL117: 0 | AN117: 0 | AP117: 0 | AR117: 0 | AT117: 0 | AV117: 0 | AX117: 39 | AZ117: 0 | BB117: =(F117*G$2)+(H117*I$2)+(J117*K$2)+(L117*M$2)+(N117*O$2)+(P117*Q$2)+(T117*U$2)+(V117*W$2)+(X117*Y$2)+(Z117*AA$2)+(AB117*AC$2)+(AD117*AE$2)+(AP117*AQ$2)+(AR117*AS$2)+(AT117*AU$2)+(AV117*AW$2)+(AX117*AY$2)+(AF117*AG$2)+(AH117*AI$2)+(AJ117*AK$2)+(AL117*$AM$2)+(R117*$S$2) -> 3469.44 | BC117: =sum(F117:AM117) + sum(AP117:AY117) -> 312 | BD117: =0 -> 0 | BE117: =BC117 -> 312 | BF117: =iferror(BB117/BE117,"") -> 11.12
A118: Thurs | B118: =B117+1 -> 45771 | C118: 5 | D118: Week 1 | F118: 0 | H118: 0 | J118: 0 | L118: 0 | N118: 0 | P118: 0 | R118: 0 | T118: 135 | V118: 135 | X118: 0 | Z118: 0 | AB118: 0 | AD118: 0 | AF118: 0 | AH118: 0 | AJ118: 0 | AL118: 0 | AN118: 0 | AP118: 0 | AR118: 0 | AT118: 0 | AV118: 0 | AX118: 39 | AZ118: 0 | BB118: =(F118*G$2)+(H118*I$2)+(J118*K$2)+(L118*M$2)+(N118*O$2)+(P118*Q$2)+(T118*U$2)+(V118*W$2)+(X118*Y$2)+(Z118*AA$2)+(AB118*AC$2)+(AD118*AE$2)+(AP118*AQ$2)+(AR118*AS$2)+(AT118*AU$2)+(AV118*AW$2)+(AX118*AY$2)+(AF118*AG$2)+(AH118*AI$2)+(AJ118*AK$2)+(AL118*$AM$2)+(R118*$S$2) -> 3436.08 | BC118: =sum(F118:AM118) + sum(AP118:AY118) -> 309 | BD118: =0 -> 0 | BE118: =BC118 -> 309 | BF118: =iferror(BB118/BE118,"") -> 11.12
A119: Fri | B119: =B118+1 -> 45772 | C119: 5 | D119: Week 1 | F119: 0 | H119: 0 | J119: 0 | L119: 0 | N119: 0 | P119: 0 | R119: 0 | T119: 135 | V119: 135 | X119: 0 | Z119: 0 | AB119: 0 | AD119: 0 | AF119: 0 | AH119: 0 | AJ119: 0 | AL119: 0 | AN119: 0 | AP119: 0 | AR119: 0 | AT119: 0 | AV119: 0 | AX119: 0 | AZ119: 0 | BB119: =(F119*G$2)+(H119*I$2)+(J119*K$2)+(L119*M$2)+(N119*O$2)+(P119*Q$2)+(T119*U$2)+(V119*W$2)+(X119*Y$2)+(Z119*AA$2)+(AB119*AC$2)+(AD119*AE$2)+(AP119*AQ$2)+(AR119*AS$2)+(AT119*AU$2)+(AV119*AW$2)+(AX119*AY$2)+(AF119*AG$2)+(AH119*AI$2)+(AJ119*AK$2)+(AL119*$AM$2)+(R119*$S$2) -> 3002.4 | BC119: =sum(F119:AM119) + sum(AP119:AY119) -> 270 | BD119: =0 -> 0 | BE119: =BC119 -> 270 | BF119: =iferror(BB119/BE119,"") -> 11.12
A120: Sat | B120: =B119+1 -> 45773 | C120: 5 | D120: Week 1 | F120: 0 | H120: 0 | J120: 0 | L120: 0 | N120: 0 | P120: 0 | R120: 0 | T120: 135 | V120: 135 | X120: 21 | Z120: 0 | AB120: 0 | AD120: 0 | AF120: 0 | AH120: 0 | AJ120: 0 | AL120: 0 | AN120: 0 | AP120: 0 | AR120: 0 | AT120: 0 | AV120: 0 | AX120: 0 | AZ120: 0 | BB120: 0 | BC120: =sum(F120:AM120) + sum(AP120:AY120) -> 291 | BD120: =0 -> 0 | BE120: =BC120 -> 291 | BF120: =iferror(BB120/BE120,"") -> 0
A121: Sun | B121: =B120+1 -> 45774 | C121: 5 | D121: Week 1 | F121: 0 | H121: 0 | J121: 0 | L121: 0 | N121: 0 | P121: 0 | R121: 0 | T121: 0 | V121: 0 | X121: 0 | Z121: 0 | AB121: 0 | AD121: 0 | AF121: 0 | AH121: 0 | AJ121: 0 | AL121: 0 | AN121: 0 | AP121: 0 | AR121: 0 | AT121: 0 | AV121: 0 | AX121: 0 | AZ121: 0 | BB121: =(F121*G$2)+(H121*I$2)+(J121*K$2)+(L121*M$2)+(N121*O$2)+(P121*Q$2)+(T121*U$2)+(V121*W$2)+(X121*Y$2)+(Z121*AA$2)+(AB121*AC$2)+(AD121*AE$2)+(AP121*AQ$2)+(AR121*AS$2)+(AT121*AU$2)+(AV121*AW$2)+(AX121*AY$2)+(AF121*AG$2)+(AH121*AI$2)+(AJ121*AK$2)+(AL121*$AM$2)+(R121*$S$2) -> 0 | BC121: =sum(F121:AM121) + sum(AP121:AY121) -> 0 | BD121: =0 -> 0 | BE121: =BC121 -> 0 | BF121: =iferror(BB121/BE121,"")
A122: Mon | B122: =B121+1 -> 45775 | C122: 5 | D122: Week 2 | F122: 0 | H122: 0 | J122: 0 | L122: 0 | N122: 0 | P122: 0 | R122: 0 | T122: 135 | V122: 135 | X122: 0 | Z122: 0 | AB122: 0 | AD122: 0 | AF122: 0 | AH122: 0 | AJ122: 0 | AL122: 0 | AN122: 1978.05 | AP122: 0 | AR122: 0 | AT122: 0 | AV122: 0 | AX122: 0 | AZ122: 0 | BB122: =(F122*G$2)+(H122*I$2)+(J122*K$2)+(L122*M$2)+(N122*O$2)+(P122*Q$2)+(T122*U$2)+(V122*W$2)+(X122*Y$2)+(Z122*AA$2)+(AB122*AC$2)+(AD122*AE$2)+(AP122*AQ$2)+(AR122*AS$2)+(AT122*AU$2)+(AV122*AW$2)+(AX122*AY$2)+(AF122*AG$2)+(AH122*AI$2)+(AJ122*AK$2)+(AL122*$AM$2)+(R122*$S$2) -> 3002.4 | BC122: =sum(F122:AM122) + sum(AP122:AY122) -> 270 | BD122: =0 -> 0 | BE122: =BC122 -> 270 | BF122: =iferror(BB122/BE122,"") -> 11.12
A123: Tue | B123: =B122+1 -> 45776 | C123: 5 | D123: Week 2 | F123: 0 | H123: 0 | J123: 0 | L123: 0 | N123: 0 | P123: 0 | R123: 0 | T123: 135 | V123: 135 | X123: 0 | Z123: 0 | AB123: 0 | AD123: 0 | AF123: 0 | AH123: 50 | AJ123: 50 | AL123: 18 | AN123: 0 | AP123: 0 | AR123: 0 | AT123: 0 | AV123: 0 | AX123: 0 | AZ123: 0 | BB123: =(F123*G$2)+(H123*I$2)+(J123*K$2)+(L123*M$2)+(N123*O$2)+(P123*Q$2)+(T123*U$2)+(V123*W$2)+(X123*Y$2)+(Z123*AA$2)+(AB123*AC$2)+(AD123*AE$2)+(AP123*AQ$2)+(AR123*AS$2)+(AT123*AU$2)+(AV123*AW$2)+(AX123*AY$2)+(AF123*AG$2)+(AH123*AI$2)+(AJ123*AK$2)+(AL123*$AM$2)+(R123*$S$2) -> 4877.42 | BC123: =sum(F123:AM123) + sum(AP123:AY123) -> 388 | BD123: =0 -> 0 | BE123: =BC123 -> 388 | BF123: =iferror(BB123/BE123,"") -> 12.57067
A124: Wed | B124: =B123+1 -> 45777 | C124: 5 | D124: Week 2 | F124: 0 | H124: 0 | J124: 0 | L124: 0 | N124: 0 | P124: 0 | R124: 0 | T124: 135 | V124: 135 | X124: 0 | Z124: 0 | AB124: 0 | AD124: 0 | AF124: 0 | AH124: 50 | AJ124: 50 | AL124: 18 | AN124: 0 | AP124: 0 | AR124: 0 | AT124: 0 | AV124: 0 | AX124: 0 | AZ124: 0 | BB124: =(F124*G$2)+(H124*I$2)+(J124*K$2)+(L124*M$2)+(N124*O$2)+(P124*Q$2)+(T124*U$2)+(V124*W$2)+(X124*Y$2)+(Z124*AA$2)+(AB124*AC$2)+(AD124*AE$2)+(AP124*AQ$2)+(AR124*AS$2)+(AT124*AU$2)+(AV124*AW$2)+(AX124*AY$2)+(AF124*AG$2)+(AH124*AI$2)+(AJ124*AK$2)+(AL124*$AM$2)+(R124*$S$2) -> 4877.42 | BC124: =sum(F124:AM124) + sum(AP124:AY124) -> 388 | BD124: =0 -> 0 | BE124: =BC124 -> 388 | BF124: =iferror(BB124/BE124,"") -> 12.57067
A125: Thurs | B125: =B124+1 -> 45778 | C125: 5 | D125: Week 2 | F125: 0 | H125: 0 | J125: 0 | L125: 0 | N125: 0 | P125: 0 | R125: 0 | T125: 135 | V125: 85 | X125: 0 | Z125: 0 | AB125: 0 | AD125: 0 | AF125: 0 | AH125: 50 | AJ125: 50 | AL125: 18 | AN125: 0 | AP125: 0 | AR125: 0 | AT125: 0 | AV125: 0 | AX125: 0 | AZ125: 0 | BB125: =(F125*G$2)+(H125*I$2)+(J125*K$2)+(L125*M$2)+(N125*O$2)+(P125*Q$2)+(T125*U$2)+(V125*W$2)+(X125*Y$2)+(Z125*AA$2)+(AB125*AC$2)+(AD125*AE$2)+(AP125*AQ$2)+(AR125*AS$2)+(AT125*AU$2)+(AV125*AW$2)+(AX125*AY$2)+(AF125*AG$2)+(AH125*AI$2)+(AJ125*AK$2)+(AL125*$AM$2)+(R125*$S$2) -> 4321.42 | BC125: =sum(F125:AM125) + sum(AP125:AY125) -> 338 | BD125: =0 -> 0 | BE125: =BC125 -> 338 | BF125: =iferror(BB125/BE125,"") -> 12.785266
A126: Fri | B126: =B125+1 -> 45779 | C126: 5 | D126: Week 2 | F126: 0 | H126: 0 | J126: 0 | L126: 0 | N126: 0 | P126: 0 | R126: 0 | T126: 135 | V126: 135 | X126: 0 | Z126: 0 | AB126: 0 | AD126: 0 | AF126: 0 | AH126: 50 | AJ126: 50 | AL126: 18 | AN126: 0 | AP126: 0 | AR126: 0 | AT126: 175 | AV126: 0 | AX126: 0 | AZ126: 0 | BB126: =(F126*G$2)+(H126*I$2)+(J126*K$2)+(L126*M$2)+(N126*O$2)+(P126*Q$2)+(T126*U$2)+(V126*W$2)+(X126*Y$2)+(Z126*AA$2)+(AB126*AC$2)+(AD126*AE$2)+(AP126*AQ$2)+(AR126*AS$2)+(AT126*AU$2)+(AV126*AW$2)+(AX126*AY$2)+(AF126*AG$2)+(AH126*AI$2)+(AJ126*AK$2)+(AL126*$AM$2)+(R126*$S$2) -> 5164.42 | BC126: =sum(F126:AM126) + sum(AP126:AY126) -> 563 | BD126: =0 -> 0 | BE126: =BC126 -> 563 | BF126: =iferror(BB126/BE126,"") -> 9.1730373
A127: Sat | B127: =B126+1 -> 45780 | C127: 5 | D127: Week 2 | F127: 0 | H127: 0 | J127: 0 | L127: 0 | N127: 0 | P127: 0 | R127: 0 | T127: 135 | V127: 135 | X127: 9 | Z127: 0 | AB127: 0 | AD127: 0 | AF127: 0 | AH127: 50 | AJ127: 0 | AL127: 20 | AN127: 0 | AP127: 0 | AR127: 0 | AT127: 0 | AV127: 0 | AX127: 0 | AZ127: 0 | BB127: =(F127*G$2)+(H127*I$2)+(J127*K$2)+(L127*M$2)+(N127*O$2)+(P127*Q$2)+(T127*U$2)+(V127*W$2)+(X127*Y$2)+(Z127*AA$2)+(AB127*AC$2)+(AD127*AE$2)+(AP127*AQ$2)+(AR127*AS$2)+(AT127*AU$2)+(AV127*AW$2)+(AX127*AY$2)+(AF127*AG$2)+(AH127*AI$2)+(AJ127*AK$2)+(AL127*$AM$2)+(R127*$S$2) -> 4214.78 | BC127: =sum(F127:AM127) + sum(AP127:AY127) -> 349 | BD127: =0 -> 0 | BE127: =BC127 -> 349 | BF127: =iferror(BB127/BE127,"") -> 12.076734
A128: Sun | B128: =B127+1 -> 45781 | C128: 5 | D128: Week 2 | F128: 0 | H128: 0 | J128: 0 | L128: 0 | N128: 0 | P128: 0 | R128: 0 | T128: 0 | V128: 0 | X128: 1 | Z128: 0 | AB128: 0 | AD128: 0 | AF128: 0 | AH128: 0 | AJ128: 0 | AL128: 0 | AN128: 0 | AP128: 0 | AR128: 0 | AT128: 0 | AV128: 0 | AX128: 0 | AZ128: 0 | BB128: =(F128*G$2)+(H128*I$2)+(J128*K$2)+(L128*M$2)+(N128*O$2)+(P128*Q$2)+(T128*U$2)+(V128*W$2)+(X128*Y$2)+(Z128*AA$2)+(AB128*AC$2)+(AD128*AE$2)+(AP128*AQ$2)+(AR128*AS$2)+(AT128*AU$2)+(AV128*AW$2)+(AX128*AY$2)+(AF128*AG$2)+(AH128*AI$2)+(AJ128*AK$2)+(AL128*$AM$2)+(R128*$S$2) -> 11.12 | BC128: =sum(F128:AM128) + sum(AP128:AY128) -> 1 | BD128: =0 -> 0 | BE128: =BC128 -> 1 | BF128: =iferror(BB128/BE128,"") -> 11.12
A129: Mon | B129: =B128+1 -> 45782 | C129: 5 | D129: Week 3 | F129: 0 | H129: 0 | J129: 0 | L129: 0 | N129: 0 | P129: 0 | R129: 0 | T129: 135 | V129: 135 | X129: 0 | Z129: 0 | AB129: 0 | AD129: 0 | AF129: 0 | AH129: 0 | AJ129: 0 | AL129: 0 | AN129: 0 | AP129: 0 | AR129: 0 | AT129: 0 | AV129: 0 | AX129: 0 | AZ129: 0 | BB129: =(F129*G$2)+(H129*I$2)+(J129*K$2)+(L129*M$2)+(N129*O$2)+(P129*Q$2)+(T129*U$2)+(V129*W$2)+(X129*Y$2)+(Z129*AA$2)+(AB129*AC$2)+(AD129*AE$2)+(AP129*AQ$2)+(AR129*AS$2)+(AT129*AU$2)+(AV129*AW$2)+(AX129*AY$2)+(AF129*AG$2)+(AH129*AI$2)+(AJ129*AK$2)+(AL129*$AM$2)+(R129*$S$2) -> 3002.4 | BC129: =sum(F129:AM129) + sum(AP129:AY129) -> 270 | BD129: =0 -> 0 | BE129: =BC129 -> 270 | BF129: =iferror(BB129/BE129,"") -> 11.12
A130: Tue | B130: =B129+1 -> 45783 | C130: 5 | D130: Week 3 | F130: 0 | H130: 0 | J130: 0 | L130: 0 | N130: 0 | P130: 0 | R130: 0 | T130: 135 | V130: 135 | X130: 0 | Z130: 0 | AB130: 0 | AD130: 0 | AF130: 0 | AH130: 0 | AJ130: 0 | AL130: 0 | AN130: 0 | AP130: 0 | AR130: 0 | AT130: 0 | AV130: 0 | AX130: 0 | AZ130: 0 | BB130: =(F130*G$2)+(H130*I$2)+(J130*K$2)+(L130*M$2)+(N130*O$2)+(P130*Q$2)+(T130*U$2)+(V130*W$2)+(X130*Y$2)+(Z130*AA$2)+(AB130*AC$2)+(AD130*AE$2)+(AP130*AQ$2)+(AR130*AS$2)+(AT130*AU$2)+(AV130*AW$2)+(AX130*AY$2)+(AF130*AG$2)+(AH130*AI$2)+(AJ130*AK$2)+(AL130*$AM$2)+(R130*$S$2) -> 3002.4 | BC130: =sum(F130:AM130) + sum(AP130:AY130) -> 270 | BD130: =0 -> 0 | BE130: =BC130 -> 270 | BF130: =iferror(BB130/BE130,"") -> 11.12
A131: Wed | B131: =B130+1 -> 45784 | C131: 5 | D131: Week 3 | F131: 0 | H131: 0 | J131: 0 | L131: 0 | N131: 0 | R131: 0 | T131: 135 | V131: 135 | X131: 0 | AB131: 0 | AD131: 0 | AF131: 0 | AH131: 0 | AJ131: 0 | AL131: 0 | AN131: 0 | AP131: 0 | AR131: 0 | AT131: 0 | AV131: 0 | AX131: 0 | AZ131: 0 | BB131: =(F131*G$2)+(H131*I$2)+(J131*K$2)+(L131*M$2)+(N131*O$2)+(P131*Q$2)+(T131*U$2)+(V131*W$2)+(X131*Y$2)+(Z131*AA$2)+(AB131*AC$2)+(AD131*AE$2)+(AP131*AQ$2)+(AR131*AS$2)+(AT131*AU$2)+(AV131*AW$2)+(AX131*AY$2)+(AF131*AG$2)+(AH131*AI$2)+(AJ131*AK$2)+(AL131*$AM$2)+(R131*$S$2) -> 3002.4 | BC131: =sum(F131:AM131) + sum(AP131:AY131) -> 270 | BD131: =0 -> 0 | BE131: =BC131 -> 270 | BF131: =iferror(BB131/BE131,"") -> 11.12
A132: Thurs | B132: =B131+1 -> 45785 | C132: 5 | D132: Week 3 | F132: 0 | H132: 0 | J132: 0 | L132: 0 | N132: 0 | P132: 0 | R132: 0 | T132: 135 | V132: 135 | X132: 0 | AB132: 0 | AD132: 0 | AF132: 0 | AH132: 0 | AJ132: 0 | AL132: 0 | AN132: 0 | AP132: 0 | AR132: 0 | AT132: 0 | AV132: 0 | AX132: 0 | AZ132: 0 | BB132: =(F132*G$2)+(H132*I$2)+(J132*K$2)+(L132*M$2)+(N132*O$2)+(P132*Q$2)+(T132*U$2)+(V132*W$2)+(X132*Y$2)+(Z132*AA$2)+(AB132*AC$2)+(AD132*AE$2)+(AP132*AQ$2)+(AR132*AS$2)+(AT132*AU$2)+(AV132*AW$2)+(AX132*AY$2)+(AF132*AG$2)+(AH132*AI$2)+(AJ132*AK$2)+(AL132*$AM$2)+(R132*$S$2) -> 3002.4 | BC132: =sum(F132:AM132) + sum(AP132:AY132) -> 270 | BD132: =0 -> 0 | BE132: =BC132 -> 270 | BF132: =iferror(BB132/BE132,"") -> 11.12
A133: Fri | B133: =B132+1 -> 45786 | C133: 5 | D133: Week 3 | F133: 0 | H133: 0 | J133: 0 | L133: 0 | N133: 0 | P133: 0 | R133: 0 | T133: 135 | V133: 135 | X133: 0 | Z133: 0 | AB133: 0 | AD133: 0 | AF133: 0 | AH133: 0 | AJ133: 0 | AL133: 0 | AN133: 0 | AP133: 0 | AR133: 0 | AT133: 0 | AV133: 0 | AX133: 0 | AZ133: 0 | BB133: =(F133*G$2)+(H133*I$2)+(J133*K$2)+(L133*M$2)+(N133*O$2)+(P133*Q$2)+(T133*U$2)+(V133*W$2)+(X133*Y$2)+(Z133*AA$2)+(AB133*AC$2)+(AD133*AE$2)+(AP133*AQ$2)+(AR133*AS$2)+(AT133*AU$2)+(AV133*AW$2)+(AX133*AY$2)+(AF133*AG$2)+(AH133*AI$2)+(AJ133*AK$2)+(AL133*$AM$2)+(R133*$S$2) -> 3002.4 | BC133: =sum(F133:AM133) + sum(AP133:AY133) -> 270 | BD133: =0 -> 0 | BE133: =BC133 -> 270 | BF133: =iferror(BB133/BE133,"") -> 11.12
A134: Sat | B134: =B133+1 -> 45787 | C134: 5 | D134: Week 3 | F134: 0 | H134: 0 | J134: 0 | L134: 0 | N134: 0 | P134: 0 | R134: 0 | T134: 135 | V134: 135 | X134: 11 | Z134: 0 | AB134: 0 | AD134: 0 | AF134: 0 | AH134: 0 | AJ134: 0 | AL134: 0 | AN134: 0 | AP134: 0 | AR134: 0 | AT134: 0 | AV134: 0 | AX134: 0 | AZ134: 0 | BB134: =(F134*G$2)+(H134*I$2)+(J134*K$2)+(L134*M$2)+(N134*O$2)+(P134*Q$2)+(T134*U$2)+(V134*W$2)+(X134*Y$2)+(Z134*AA$2)+(AB134*AC$2)+(AD134*AE$2)+(AP134*AQ$2)+(AR134*AS$2)+(AT134*AU$2)+(AV134*AW$2)+(AX134*AY$2)+(AF134*AG$2)+(AH134*AI$2)+(AJ134*AK$2)+(AL134*$AM$2)+(R134*$S$2) -> 3124.72 | BC134: =sum(F134:AM134) + sum(AP134:AY134) -> 281 | BD134: =0 -> 0 | BE134: =BC134 -> 281 | BF134: =iferror(BB134/BE134,"") -> 11.12
A135: Sun | B135: =B134+1 -> 45788 | C135: 5 | D135: Week 3 | F135: 0 | H135: 0 | J135: 0 | L135: 0 | N135: 0 | P135: 0 | R135: 0 | T135: 0 | V135: 0 | X135: 0 | Z135: 0 | AB135: 0 | AD135: 0 | AF135: 0 | AH135: 0 | AJ135: 0 | AL135: 0 | AN135: 0 | AP135: 0 | AR135: 0 | AT135: 0 | AV135: 0 | AX135: 0 | AZ135: 0 | BB135: =(F135*G$2)+(H135*I$2)+(J135*K$2)+(L135*M$2)+(N135*O$2)+(P135*Q$2)+(T135*U$2)+(V135*W$2)+(X135*Y$2)+(Z135*AA$2)+(AB135*AC$2)+(AD135*AE$2)+(AP135*AQ$2)+(AR135*AS$2)+(AT135*AU$2)+(AV135*AW$2)+(AX135*AY$2)+(AF135*AG$2)+(AH135*AI$2)+(AJ135*AK$2)+(AL135*$AM$2)+(R135*$S$2) -> 0 | BC135: =sum(F135:AM135) + sum(AP135:AY135) -> 0 | BD135: =0 -> 0 | BE135: =BC135 -> 0 | BF135: =iferror(BB135/BE135,"")
A136: Mon | B136: =B135+1 -> 45789 | C136: 5 | D136: Week 4 | F136: 0 | H136: 0 | J136: 0 | L136: 0 | N136: 0 | P136: 0 | R136: 0 | T136: 135 | V136: 135 | X136: 0 | Z136: 0 | AB136: 0 | AD136: 0 | AF136: 0 | AH136: 0 | AJ136: 0 | AL136: 0 | AN136: 0 | AP136: 0 | AR136: 0 | AT136: 0 | AV136: 0 | AX136: 0 | AZ136: 0 | BB136: =(F136*G$2)+(H136*I$2)+(J136*K$2)+(L136*M$2)+(N136*O$2)+(P136*Q$2)+(T136*U$2)+(V136*W$2)+(X136*Y$2)+(Z136*AA$2)+(AB136*AC$2)+(AD136*AE$2)+(AP136*AQ$2)+(AR136*AS$2)+(AT136*AU$2)+(AV136*AW$2)+(AX136*AY$2)+(AF136*AG$2)+(AH136*AI$2)+(AJ136*AK$2)+(AL136*$AM$2)+(R136*$S$2) -> 3002.4 | BC136: =sum(F136:AM136) + sum(AP136:AY136) -> 270 | BD136: =0 -> 0 | BE136: =BC136 -> 270 | BF136: =iferror(BB136/BE136,"") -> 11.12
A137: Tue | B137: =B136+1 -> 45790 | C137: 5 | D137: Week 4 | F137: 0 | H137: 0 | J137: 0 | L137: 0 | N137: 0 | P137: 0 | R137: 0 | T137: 135 | V137: 135 | X137: 0 | Z137: 0 | AB137: 0 | AD137: 0 | AF137: 0 | AH137: 50 | AJ137: 50 | AL137: 18 | AN137: 0 | AP137: 0 | AR137: 0 | AT137: 0 | AV137: 0 | AX137: 0 | AZ137: 0 | BB137: =(F137*G$2)+(H137*I$2)+(J137*K$2)+(L137*M$2)+(N137*O$2)+(P137*Q$2)+(T137*U$2)+(V137*W$2)+(X137*Y$2)+(Z137*AA$2)+(AB137*AC$2)+(AD137*AE$2)+(AP137*AQ$2)+(AR137*AS$2)+(AT137*AU$2)+(AV137*AW$2)+(AX137*AY$2)+(AF137*AG$2)+(AH137*AI$2)+(AJ137*AK$2)+(AL137*$AM$2)+(R137*$S$2) -> 4877.42 | BC137: =sum(F137:AM137) + sum(AP137:AY137) -> 388 | BD137: =0 -> 0 | BE137: =BC137 -> 388 | BF137: =iferror(BB137/BE137,"") -> 12.57067
A138: Wed | B138: =B137+1 -> 45791 | C138: 5 | D138: Week 4 | F138: 0 | H138: 0 | J138: 0 | L138: 0 | N138: 0 | P138: 0 | R138: 0 | T138: 135 | V138: 135 | X138: 0 | Z138: 0 | AB138: 0 | AD138: 0 | AF138: 0 | AH138: 50 | AJ138: 50 | AL138: 21 | AN138: 0 | AP138: 0 | AR138: 0 | AT138: 0 | AV138: 0 | AX138: 0 | AZ138: 0 | BB138: =(F138*G$2)+(H138*I$2)+(J138*K$2)+(L138*M$2)+(N138*O$2)+(P138*Q$2)+(T138*U$2)+(V138*W$2)+(X138*Y$2)+(Z138*AA$2)+(AB138*AC$2)+(AD138*AE$2)+(AP138*AQ$2)+(AR138*AS$2)+(AT138*AU$2)+(AV138*AW$2)+(AX138*AY$2)+(AF138*AG$2)+(AH138*AI$2)+(AJ138*AK$2)+(AL138*$AM$2)+(R138*$S$2) -> 4925.09 | BC138: =sum(F138:AM138) + sum(AP138:AY138) -> 391 | BD138: =0 -> 0 | BE138: =BC138 -> 391 | BF138: =iferror(BB138/BE138,"") -> 12.596138
A139: Thurs | B139: =B138+1 -> 45792 | C139: 5 | D139: Week 4 | F139: 0 | H139: 0 | J139: 0 | L139: 0 | N139: 0 | P139: 0 | R139: 0 | T139: 135 | V139: 135 | X139: 0 | Z139: 0 | AB139: 0 | AD139: 0 | AF139: 0 | AH139: 50 | AJ139: 50 | AL139: 21 | AN139: 0 | AP139: 0 | AR139: 0 | AT139: 0 | AV139: 0 | AZ139: 0 | BB139: =(F139*G$2)+(H139*I$2)+(J139*K$2)+(L139*M$2)+(N139*O$2)+(P139*Q$2)+(T139*U$2)+(V139*W$2)+(X139*Y$2)+(Z139*AA$2)+(AB139*AC$2)+(AD139*AE$2)+(AP139*AQ$2)+(AR139*AS$2)+(AT139*AU$2)+(AV139*AW$2)+(AX139*AY$2)+(AF139*AG$2)+(AH139*AI$2)+(AJ139*AK$2)+(AL139*$AM$2)+(R139*$S$2) -> 4925.09 | BC139: =sum(F139:AM139) + sum(AP139:AY139) -> 391 | BD139: =0 -> 0 | BE139: =BC139 -> 391 | BF139: =iferror(BB139/BE139,"") -> 12.596138
A140: Fri | B140: =B139+1 -> 45793 | C140: 5 | D140: Week 4 | F140: 0 | H140: 0 | J140: 0 | L140: 0 | N140: 0 | P140: 0 | R140: 0 | T140: 135 | V140: 135 | X140: 0 | Z140: 0 | AB140: 0 | AD140: 0 | AF140: 0 | AH140: 50 | AJ140: 50 | AL140: 21 | AN140: 0 | AP140: 0 | AR140: 0 | AT140: 0 | AV140: 0 | AX140: 0 | AZ140: 0 | BB140: =(F140*G$2)+(H140*I$2)+(J140*K$2)+(L140*M$2)+(N140*O$2)+(P140*Q$2)+(T140*U$2)+(V140*W$2)+(X140*Y$2)+(Z140*AA$2)+(AB140*AC$2)+(AD140*AE$2)+(AP140*AQ$2)+(AR140*AS$2)+(AT140*AU$2)+(AV140*AW$2)+(AX140*AY$2)+(AF140*AG$2)+(AH140*AI$2)+(AJ140*AK$2)+(AL140*$AM$2)+(R140*$S$2) -> 4925.09 | BC140: =sum(F140:AM140) + sum(AP140:AY140) -> 391 | BD140: =0 -> 0 | BE140: =BC140 -> 391 | BF140: =iferror(BB140/BE140,"") -> 12.596138
...

Sheet Clicker Counts - 2025
A1: Toronto Blue Jays @ Dunedin, FL | F1: Major League - PDC | R1: Minor League - PDC | AD1: Single A Jays | AJ1: SSM | AL1: Other | AX1: TOTALS
A2: Day | B2: Date | C2: Period | D2: Week | E2: Camp Name | F2: Breakfast | G2: 22.25 | H2: Lunch | I2: 22.25 | J2: Dinner | K2: 22.25 | L2: Umpire | M2: 22.25 | N2: Post Game Meal | O2: 22.25 | P2: Snack | Q2: 1.64 | R2: Breakfast | S2: 11.12 | T2: Lunch | U2: 11.12 | V2: Dinner | W2: 11.12 | X2: Blank | Y2: 0 | Z2: Blank | AA2: 0 | AB2: Blank | AC2: 0 | AD2: Breakfast | AE2: 15.89 | AF2: PRE-GAME | AG2: 15.89 | AH2: POST-GAME | AI2: 15.89 | AJ2: Stadium Staff Meals | AK2: 15.89 | AL2: Fun $$$$ Allocated | AM2: 27404 | AN2: Media Meals | AO2: 15 | AP2: MLB G&G - Pantry | AQ2: 1.64 | AR2: MiLB G&G - Pantry | AS2: 1.64 | AT2: MLB - Catering | AU2: 35 | AV2: Team Canada | AW2: 11.12 | AX2: Total Revenue | AY2: Total Meals | AZ2: Total Snacks | BA2: Total Charged Items | BB2: Average $/Item
A3: Mon | B3: 45656 | C3: 1 | D3: Week 1 | AX3: =(F3*G$2)+(H3*I$2)+(J3*K$2)+(L3*M$2)+(N3*O$2)+(P3*Q$2)+(R3*S$2)+(T3*U$2)+(V3*W$2)+(X3*Y$2)+(Z3*AA$2)+(AB3*AC$2)+(AN3*AO$2)+(AP3*AQ$2)+(AR3*AS$2)+(AT3*AU$2)+(AV3*AW$2)+(AD3*AE$2)+(AF3*AG$2)+(AH3*AI$2)+(AJ3*$AK$2) -> 0 | AY3: =sum(F3:AK3) + sum(AN3:AW3) -> 0 | AZ3: =0 -> 0 | BA3: =AY3 -> 0 | BB3: =iferror(AX3/BA3,"")
A4: Tue | B4: =B3+1 -> 45657 | C4: 1 | D4: Week 1 | AX4: =(F4*G$2)+(H4*I$2)+(J4*K$2)+(L4*M$2)+(N4*O$2)+(P4*Q$2)+(R4*S$2)+(T4*U$2)+(V4*W$2)+(X4*Y$2)+(Z4*AA$2)+(AB4*AC$2)+(AN4*AO$2)+(AP4*AQ$2)+(AR4*AS$2)+(AT4*AU$2)+(AV4*AW$2)+(AD4*AE$2)+(AF4*AG$2)+(AH4*AI$2)+(AJ4*$AK$2) -> 0 | AY4: =sum(F4:AK4) + sum(AN4:AW4) -> 0 | AZ4: =0 -> 0 | BA4: =AY4 -> 0 | BB4: =iferror(AX4/BA4,"")
A5: Wed | B5: =B4+1 -> 45658 | C5: 1 | D5: Week 1 | AX5: =(F5*G$2)+(H5*I$2)+(J5*K$2)+(L5*M$2)+(N5*O$2)+(P5*Q$2)+(R5*S$2)+(T5*U$2)+(V5*W$2)+(X5*Y$2)+(Z5*AA$2)+(AB5*AC$2)+(AN5*AO$2)+(AP5*AQ$2)+(AR5*AS$2)+(AT5*AU$2)+(AV5*AW$2)+(AD5*AE$2)+(AF5*AG$2)+(AH5*AI$2)+(AJ5*$AK$2) -> 0 | AY5: =sum(F5:AK5) + sum(AN5:AW5) -> 0 | AZ5: =0 -> 0 | BA5: =AY5 -> 0 | BB5: =iferror(AX5/BA5,"")
A6: Thurs | B6: =B5+1 -> 45659 | C6: 1 | D6: Week 1 | AX6: =(F6*G$2)+(H6*I$2)+(J6*K$2)+(L6*M$2)+(N6*O$2)+(P6*Q$2)+(R6*S$2)+(T6*U$2)+(V6*W$2)+(X6*Y$2)+(Z6*AA$2)+(AB6*AC$2)+(AN6*AO$2)+(AP6*AQ$2)+(AR6*AS$2)+(AT6*AU$2)+(AV6*AW$2)+(AD6*AE$2)+(AF6*AG$2)+(AH6*AI$2)+(AJ6*$AK$2) -> 0 | AY6: =sum(F6:AK6) + sum(AN6:AW6) -> 0 | AZ6: =0 -> 0 | BA6: =AY6 -> 0 | BB6: =iferror(AX6/BA6,"")
A7: Fri | B7: =B6+1 -> 45660 | C7: 1 | D7: Week 1 | AX7: =(F7*G$2)+(H7*I$2)+(J7*K$2)+(L7*M$2)+(N7*O$2)+(P7*Q$2)+(R7*S$2)+(T7*U$2)+(V7*W$2)+(X7*Y$2)+(Z7*AA$2)+(AB7*AC$2)+(AN7*AO$2)+(AP7*AQ$2)+(AR7*AS$2)+(AT7*AU$2)+(AV7*AW$2)+(AD7*AE$2)+(AF7*AG$2)+(AH7*AI$2)+(AJ7*$AK$2) -> 0 | AY7: =sum(F7:AK7) + sum(AN7:AW7) -> 0 | AZ7: =0 -> 0 | BA7: =AY7 -> 0 | BB7: =iferror(AX7/BA7,"")
A8: Sat | B8: =B7+1 -> 45661 | C8: 1 | D8: Week 1 | AX8: =(F8*G$2)+(H8*I$2)+(J8*K$2)+(L8*M$2)+(N8*O$2)+(P8*Q$2)+(R8*S$2)+(T8*U$2)+(V8*W$2)+(X8*Y$2)+(Z8*AA$2)+(AB8*AC$2)+(AN8*AO$2)+(AP8*AQ$2)+(AR8*AS$2)+(AT8*AU$2)+(AV8*AW$2)+(AD8*AE$2)+(AF8*AG$2)+(AH8*AI$2)+(AJ8*$AK$2) -> 0 | AY8: =sum(F8:AK8) + sum(AN8:AW8) -> 0 | AZ8: =0 -> 0 | BA8: =AY8 -> 0 | BB8: =iferror(AX8/BA8,"")
A9: Sun | B9: =B8+1 -> 45662 | C9: 1 | D9: Week 1 | AX9: =(F9*G$2)+(H9*I$2)+(J9*K$2)+(L9*M$2)+(N9*O$2)+(P9*Q$2)+(R9*S$2)+(T9*U$2)+(V9*W$2)+(X9*Y$2)+(Z9*AA$2)+(AB9*AC$2)+(AN9*AO$2)+(AP9*AQ$2)+(AR9*AS$2)+(AT9*AU$2)+(AV9*AW$2)+(AD9*AE$2)+(AF9*AG$2)+(AH9*AI$2)+(AJ9*$AK$2) -> 0 | AY9: =sum(F9:AK9) + sum(AN9:AW9) -> 0 | AZ9: =0 -> 0 | BA9: =AY9 -> 0 | BB9: =iferror(AX9/BA9,"")
A10: Mon | B10: =B9+1 -> 45663 | C10: 1 | D10: Week 2 | R10: 65 | T10: 73 | AX10: =(F10*G$2)+(H10*I$2)+(J10*K$2)+(L10*M$2)+(N10*O$2)+(P10*Q$2)+(R10*S$2)+(T10*U$2)+(V10*W$2)+(X10*Y$2)+(Z10*AA$2)+(AB10*AC$2)+(AN10*AO$2)+(AP10*AQ$2)+(AR10*AS$2)+(AT10*AU$2)+(AV10*AW$2)+(AD10*AE$2)+(AF10*AG$2)+(AH10*AI$2)+(AJ10*$AK$2) -> 1534.56 | AY10: =sum(F10:AK10) + sum(AN10:AW10) -> 138 | AZ10: =0 -> 0 | BA10: =AY10 -> 138 | BB10: =iferror(AX10/BA10,"") -> 11.12
A11: Tue | B11: =B10+1 -> 45664 | C11: 1 | D11: Week 2 | R11: 79 | T11: 89 | AX11: =(F11*G$2)+(H11*I$2)+(J11*K$2)+(L11*M$2)+(N11*O$2)+(P11*Q$2)+(R11*S$2)+(T11*U$2)+(V11*W$2)+(X11*Y$2)+(Z11*AA$2)+(AB11*AC$2)+(AN11*AO$2)+(AP11*AQ$2)+(AR11*AS$2)+(AT11*AU$2)+(AV11*AW$2)+(AD11*AE$2)+(AF11*AG$2)+(AH11*AI$2)+(AJ11*$AK$2) -> 1868.16 | AY11: =sum(F11:AK11) + sum(AN11:AW11) -> 168 | AZ11: =0 -> 0 | BA11: =AY11 -> 168 | BB11: =iferror(AX11/BA11,"") -> 11.12
A12: Wed | B12: =B11+1 -> 45665 | C12: 1 | D12: Week 2 | R12: 83 | T12: 88 | AX12: =(F12*G$2)+(H12*I$2)+(J12*K$2)+(L12*M$2)+(N12*O$2)+(P12*Q$2)+(R12*S$2)+(T12*U$2)+(V12*W$2)+(X12*Y$2)+(Z12*AA$2)+(AB12*AC$2)+(AN12*AO$2)+(AP12*AQ$2)+(AR12*AS$2)+(AT12*AU$2)+(AV12*AW$2)+(AD12*AE$2)+(AF12*AG$2)+(AH12*AI$2)+(AJ12*$AK$2) -> 1901.52 | AY12: =sum(F12:AK12) + sum(AN12:AW12) -> 171 | AZ12: =0 -> 0 | BA12: =AY12 -> 171 | BB12: =iferror(AX12/BA12,"") -> 11.12
A13: Thurs | B13: =B12+1 -> 45666 | C13: 1 | D13: Week 2 | R13: 72 | T13: 96 | AX13: =(F13*G$2)+(H13*I$2)+(J13*K$2)+(L13*M$2)+(N13*O$2)+(P13*Q$2)+(R13*S$2)+(T13*U$2)+(V13*W$2)+(X13*Y$2)+(Z13*AA$2)+(AB13*AC$2)+(AN13*AO$2)+(AP13*AQ$2)+(AR13*AS$2)+(AT13*AU$2)+(AV13*AW$2)+(AD13*AE$2)+(AF13*AG$2)+(AH13*AI$2)+(AJ13*$AK$2) -> 1868.16 | AY13: =sum(F13:AK13) + sum(AN13:AW13) -> 168 | AZ13: =0 -> 0 | BA13: =AY13 -> 168 | BB13: =iferror(AX13/BA13,"") -> 11.12
A14: Fri | B14: =B13+1 -> 45667 | C14: 1 | D14: Week 2 | R14: 87 | T14: 86 | AX14: =(F14*G$2)+(H14*I$2)+(J14*K$2)+(L14*M$2)+(N14*O$2)+(P14*Q$2)+(R14*S$2)+(T14*U$2)+(V14*W$2)+(X14*Y$2)+(Z14*AA$2)+(AB14*AC$2)+(AN14*AO$2)+(AP14*AQ$2)+(AR14*AS$2)+(AT14*AU$2)+(AV14*AW$2)+(AD14*AE$2)+(AF14*AG$2)+(AH14*AI$2)+(AJ14*$AK$2) -> 1923.76 | AY14: =sum(F14:AK14) + sum(AN14:AW14) -> 173 | AZ14: =0 -> 0 | BA14: =AY14 -> 173 | BB14: =iferror(AX14/BA14,"") -> 11.12
A15: Sat | B15: =B14+1 -> 45668 | C15: 1 | D15: Week 2 | R15: 0 | T15: 0 | AX15: =(F15*G$2)+(H15*I$2)+(J15*K$2)+(L15*M$2)+(N15*O$2)+(P15*Q$2)+(R15*S$2)+(T15*U$2)+(V15*W$2)+(X15*Y$2)+(Z15*AA$2)+(AB15*AC$2)+(AN15*AO$2)+(AP15*AQ$2)+(AR15*AS$2)+(AT15*AU$2)+(AV15*AW$2)+(AD15*AE$2)+(AF15*AG$2)+(AH15*AI$2)+(AJ15*$AK$2) -> 0 | AY15: =sum(F15:AK15) + sum(AN15:AW15) -> 0 | AZ15: =0 -> 0 | BA15: =AY15 -> 0 | BB15: =iferror(AX15/BA15,"")
A16: Sun | B16: =B15+1 -> 45669 | C16: 1 | D16: Week 2 | R16: 0 | T16: 0 | AX16: =(F16*G$2)+(H16*I$2)+(J16*K$2)+(L16*M$2)+(N16*O$2)+(P16*Q$2)+(R16*S$2)+(T16*U$2)+(V16*W$2)+(X16*Y$2)+(Z16*AA$2)+(AB16*AC$2)+(AN16*AO$2)+(AP16*AQ$2)+(AR16*AS$2)+(AT16*AU$2)+(AV16*AW$2)+(AD16*AE$2)+(AF16*AG$2)+(AH16*AI$2)+(AJ16*$AK$2) -> 0 | AY16: =sum(F16:AK16) + sum(AN16:AW16) -> 0 | AZ16: =0 -> 0 | BA16: =AY16 -> 0 | BB16: =iferror(AX16/BA16,"")
A17: Mon | B17: =B16+1 -> 45670 | C17: 1 | D17: Week 3 | F17: 4 | H17: 9 | R17: 100 | T17: 91 | AX17: =(F17*G$2)+(H17*I$2)+(J17*K$2)+(L17*M$2)+(N17*O$2)+(P17*Q$2)+(R17*S$2)+(T17*U$2)+(V17*W$2)+(X17*Y$2)+(Z17*AA$2)+(AB17*AC$2)+(AN17*AO$2)+(AP17*AQ$2)+(AR17*AS$2)+(AT17*AU$2)+(AV17*AW$2)+(AD17*AE$2)+(AF17*AG$2)+(AH17*AI$2)+(AJ17*$AK$2) -> 2413.17 | AY17: =sum(F17:AK17) + sum(AN17:AW17) -> 204 | AZ17: =0 -> 0 | BA17: =AY17 -> 204 | BB17: =iferror(AX17/BA17,"") -> 11.829265
A18: Tue | B18: =B17+1 -> 45671 | C18: 1 | D18: Week 3 | F18: 6 | H18: 9 | R18: 93 | T18: 96 | AX18: =(F18*G$2)+(H18*I$2)+(J18*K$2)+(L18*M$2)+(N18*O$2)+(P18*Q$2)+(R18*S$2)+(T18*U$2)+(V18*W$2)+(X18*Y$2)+(Z18*AA$2)+(AB18*AC$2)+(AN18*AO$2)+(AP18*AQ$2)+(AR18*AS$2)+(AT18*AU$2)+(AV18*AW$2)+(AD18*AE$2)+(AF18*AG$2)+(AH18*AI$2)+(AJ18*$AK$2) -> 2435.43 | AY18: =sum(F18:AK18) + sum(AN18:AW18) -> 204 | AZ18: =0 -> 0 | BA18: =AY18 -> 204 | BB18: =iferror(AX18/BA18,"") -> 11.938382
A19: Wed | B19: =B18+1 -> 45672 | C19: 1 | D19: Week 3 | F19: 12 | H19: 12 | R19: 76 | T19: 103 | AX19: =(F19*G$2)+(H19*I$2)+(J19*K$2)+(L19*M$2)+(N19*O$2)+(P19*Q$2)+(R19*S$2)+(T19*U$2)+(V19*W$2)+(X19*Y$2)+(Z19*AA$2)+(AB19*AC$2)+(AN19*AO$2)+(AP19*AQ$2)+(AR19*AS$2)+(AT19*AU$2)+(AV19*AW$2)+(AD19*AE$2)+(AF19*AG$2)+(AH19*AI$2)+(AJ19*$AK$2) -> 2524.48 | AY19: =sum(F19:AK19) + sum(AN19:AW19) -> 203 | AZ19: =0 -> 0 | BA19: =AY19 -> 203 | BB19: =iferror(AX19/BA19,"") -> 12.435862
A20: Thurs | B20: =B19+1 -> 45673 | C20: 1 | D20: Week 3 | F20: 10 | H20: 13 | R20: 93 | T20: 92 | AX20: =(F20*G$2)+(H20*I$2)+(J20*K$2)+(L20*M$2)+(N20*O$2)+(P20*Q$2)+(R20*S$2)+(T20*U$2)+(V20*W$2)+(X20*Y$2)+(Z20*AA$2)+(AB20*AC$2)+(AN20*AO$2)+(AP20*AQ$2)+(AR20*AS$2)+(AT20*AU$2)+(AV20*AW$2)+(AD20*AE$2)+(AF20*AG$2)+(AH20*AI$2)+(AJ20*$AK$2) -> 2568.95 | AY20: =sum(F20:AK20) + sum(AN20:AW20) -> 208 | AZ20: =0 -> 0 | BA20: =AY20 -> 208 | BB20: =iferror(AX20/BA20,"") -> 12.350721
A21: Fri | B21: =B20+1 -> 45674 | C21: 1 | D21: Week 3 | F21: 10 | H21: 13 | R21: 102 | T21: 106 | AX21: =(F21*G$2)+(H21*I$2)+(J21*K$2)+(L21*M$2)+(N21*O$2)+(P21*Q$2)+(R21*S$2)+(T21*U$2)+(V21*W$2)+(X21*Y$2)+(Z21*AA$2)+(AB21*AC$2)+(AN21*AO$2)+(AP21*AQ$2)+(AR21*AS$2)+(AT21*AU$2)+(AV21*AW$2)+(AD21*AE$2)+(AF21*AG$2)+(AH21*AI$2)+(AJ21*$AK$2) -> 2824.71 | AY21: =sum(F21:AK21) + sum(AN21:AW21) -> 231 | AZ21: =0 -> 0 | BA21: =AY21 -> 231 | BB21: =iferror(AX21/BA21,"") -> 12.228182
A22: Sat | B22: =B21+1 -> 45675 | C22: 1 | D22: Week 3 | AX22: =(F22*G$2)+(H22*I$2)+(J22*K$2)+(L22*M$2)+(N22*O$2)+(P22*Q$2)+(R22*S$2)+(T22*U$2)+(V22*W$2)+(X22*Y$2)+(Z22*AA$2)+(AB22*AC$2)+(AN22*AO$2)+(AP22*AQ$2)+(AR22*AS$2)+(AT22*AU$2)+(AV22*AW$2)+(AD22*AE$2)+(AF22*AG$2)+(AH22*AI$2)+(AJ22*$AK$2) -> 0 | AY22: =sum(F22:AK22) + sum(AN22:AW22) -> 0 | AZ22: =0 -> 0 | BA22: =AY22 -> 0 | BB22: =iferror(AX22/BA22,"")
A23: Sun | B23: =B22+1 -> 45676 | C23: 1 | D23: Week 3 | AX23: =(F23*G$2)+(H23*I$2)+(J23*K$2)+(L23*M$2)+(N23*O$2)+(P23*Q$2)+(R23*S$2)+(T23*U$2)+(V23*W$2)+(X23*Y$2)+(Z23*AA$2)+(AB23*AC$2)+(AN23*AO$2)+(AP23*AQ$2)+(AR23*AS$2)+(AT23*AU$2)+(AV23*AW$2)+(AD23*AE$2)+(AF23*AG$2)+(AH23*AI$2)+(AJ23*$AK$2) -> 0 | AY23: =sum(F23:AK23) + sum(AN23:AW23) -> 0 | AZ23: =0 -> 0 | BA23: =AY23 -> 0 | BB23: =iferror(AX23/BA23,"")
A24: Mon | B24: =B23+1 -> 45677 | C24: 1 | D24: Week 4 | F24: 7 | H24: 16 | R24: 135 | T24: 142 | AX24: =(F24*G$2)+(H24*I$2)+(J24*K$2)+(L24*M$2)+(N24*O$2)+(P24*Q$2)+(R24*S$2)+(T24*U$2)+(V24*W$2)+(X24*Y$2)+(Z24*AA$2)+(AB24*AC$2)+(AN24*AO$2)+(AP24*AQ$2)+(AR24*AS$2)+(AT24*AU$2)+(AV24*AW$2)+(AD24*AE$2)+(AF24*AG$2)+(AH24*AI$2)+(AJ24*$AK$2) -> 3591.99 | AY24: =sum(F24:AK24) + sum(AN24:AW24) -> 300 | AZ24: =0 -> 0 | BA24: =AY24 -> 300 | BB24: =iferror(AX24/BA24,"") -> 11.9733
A25: Tue | B25: =B24+1 -> 45678 | C25: 1 | D25: Week 4 | F25: 21 | H25: 29 | R25: 143 | T25: 167 | AX25: =(F25*G$2)+(H25*I$2)+(J25*K$2)+(L25*M$2)+(N25*O$2)+(P25*Q$2)+(R25*S$2)+(T25*U$2)+(V25*W$2)+(X25*Y$2)+(Z25*AA$2)+(AB25*AC$2)+(AN25*AO$2)+(AP25*AQ$2)+(AR25*AS$2)+(AT25*AU$2)+(AV25*AW$2)+(AD25*AE$2)+(AF25*AG$2)+(AH25*AI$2)+(AJ25*$AK$2) -> 4559.7 | AY25: =sum(F25:AK25) + sum(AN25:AW25) -> 360 | AZ25: =0 -> 0 | BA25: =AY25 -> 360 | BB25: =iferror(AX25/BA25,"") -> 12.665833
A26: Wed | B26: =B25+1 -> 45679 | C26: 1 | D26: Week 4 | F26: 16 | H26: 19 | R26: 175 | T26: 207 | AX26: =(F26*G$2)+(H26*I$2)+(J26*K$2)+(L26*M$2)+(N26*O$2)+(P26*Q$2)+(R26*S$2)+(T26*U$2)+(V26*W$2)+(X26*Y$2)+(Z26*AA$2)+(AB26*AC$2)+(AN26*AO$2)+(AP26*AQ$2)+(AR26*AS$2)+(AT26*AU$2)+(AV26*AW$2)+(AD26*AE$2)+(AF26*AG$2)+(AH26*AI$2)+(AJ26*$AK$2) -> 5026.59 | AY26: =sum(F26:AK26) + sum(AN26:AW26) -> 417 | AZ26: =0 -> 0 | BA26: =AY26 -> 417 | BB26: =iferror(AX26/BA26,"") -> 12.054173
A27: Thurs | B27: =B26+1 -> 45680 | C27: 1 | D27: Week 4 | F27: 20 | H27: 20 | R27: 148 | T27: 202 | AX27: =(F27*G$2)+(H27*I$2)+(J27*K$2)+(L27*M$2)+(N27*O$2)+(P27*Q$2)+(R27*S$2)+(T27*U$2)+(V27*W$2)+(X27*Y$2)+(Z27*AA$2)+(AB27*AC$2)+(AN27*AO$2)+(AP27*AQ$2)+(AR27*AS$2)+(AT27*AU$2)+(AV27*AW$2)+(AD27*AE$2)+(AF27*AG$2)+(AH27*AI$2)+(AJ27*$AK$2) -> 4782 | AY27: =sum(F27:AK27) + sum(AN27:AW27) -> 390 | AZ27: =0 -> 0 | BA27: =AY27 -> 390 | BB27: =iferror(AX27/BA27,"") -> 12.261538
A28: Fri | B28: =B27+1 -> 45681 | C28: 1 | D28: Week 4 | F28: 17 | H28: 21 | R28: 156 | T28: 164 | AX28: =(F28*G$2)+(H28*I$2)+(J28*K$2)+(L28*M$2)+(N28*O$2)+(P28*Q$2)+(R28*S$2)+(T28*U$2)+(V28*W$2)+(X28*Y$2)+(Z28*AA$2)+(AB28*AC$2)+(AN28*AO$2)+(AP28*AQ$2)+(AR28*AS$2)+(AT28*AU$2)+(AV28*AW$2)+(AD28*AE$2)+(AF28*AG$2)+(AH28*AI$2)+(AJ28*$AK$2) -> 4403.9 | AY28: =sum(F28:AK28) + sum(AN28:AW28) -> 358 | AZ28: =0 -> 0 | BA28: =AY28 -> 358 | BB28: =iferror(AX28/BA28,"") -> 12.301397
A29: Sat | B29: =B28+1 -> 45682 | C29: 1 | D29: Week 4 | AX29: =(F29*G$2)+(H29*I$2)+(J29*K$2)+(L29*M$2)+(N29*O$2)+(P29*Q$2)+(R29*S$2)+(T29*U$2)+(V29*W$2)+(X29*Y$2)+(Z29*AA$2)+(AB29*AC$2)+(AN29*AO$2)+(AP29*AQ$2)+(AR29*AS$2)+(AT29*AU$2)+(AV29*AW$2)+(AD29*AE$2)+(AF29*AG$2)+(AH29*AI$2)+(AJ29*$AK$2) -> 0 | AY29: =sum(F29:AK29) + sum(AN29:AW29) -> 0 | AZ29: =0 -> 0 | BA29: =AY29 -> 0 | BB29: =iferror(AX29/BA29,"")
A30: Sun | B30: =B29+1 -> 45683 | C30: 1 | D30: Week 4 | AX30: =(F30*G$2)+(H30*I$2)+(J30*K$2)+(L30*M$2)+(N30*O$2)+(P30*Q$2)+(R30*S$2)+(T30*U$2)+(V30*W$2)+(X30*Y$2)+(Z30*AA$2)+(AB30*AC$2)+(AN30*AO$2)+(AP30*AQ$2)+(AR30*AS$2)+(AT30*AU$2)+(AV30*AW$2)+(AD30*AE$2)+(AF30*AG$2)+(AH30*AI$2)+(AJ30*$AK$2) -> 0 | AY30: =sum(F30:AK30) + sum(AN30:AW30) -> 0 | AZ30: =0 -> 0 | BA30: =AY30 -> 0 | BB30: =iferror(AX30/BA30,"")
A31: Mon | B31: =B30+1 -> 45684 | C31: 2 | D31: Week 1 | R31: 144 | T31: 181 | AX31: =(F31*G$2)+(H31*I$2)+(J31*K$2)+(L31*M$2)+(N31*O$2)+(P31*Q$2)+(R31*S$2)+(T31*U$2)+(V31*W$2)+(X31*Y$2)+(Z31*AA$2)+(AB31*AC$2)+(AN31*AO$2)+(AP31*AQ$2)+(AR31*AS$2)+(AT31*AU$2)+(AV31*AW$2)+(AD31*AE$2)+(AF31*AG$2)+(AH31*AI$2)+(AJ31*$AK$2) -> 3614 | AY31: =sum(F31:AK31) + sum(AN31:AW31) -> 325 | AZ31: =0 -> 0 | BA31: =AY31 -> 325 | BB31: =iferror(AX31/BA31,"") -> 11.12
A32: Tue | B32: =B31+1 -> 45685 | C32: 2 | D32: Week 1 | F32: 19 | H32: 19 | R32: 161 | T32: 167 | AX32: =(F32*G$2)+(H32*I$2)+(J32*K$2)+(L32*M$2)+(N32*O$2)+(P32*Q$2)+(R32*S$2)+(T32*U$2)+(V32*W$2)+(X32*Y$2)+(Z32*AA$2)+(AB32*AC$2)+(AN32*AO$2)+(AP32*AQ$2)+(AR32*AS$2)+(AT32*AU$2)+(AV32*AW$2)+(AD32*AE$2)+(AF32*AG$2)+(AH32*AI$2)+(AJ32*$AK$2) -> 4492.86 | AY32: =sum(F32:AK32) + sum(AN32:AW32) -> 366 | AZ32: =0 -> 0 | BA32: =AY32 -> 366 | BB32: =iferror(AX32/BA32,"") -> 12.275574
A33: Wed | B33: =B32+1 -> 45686 | C33: 2 | D33: Week 1 | F33: 14 | H33: 22 | R33: 129 | T33: 203 | AX33: =(F33*G$2)+(H33*I$2)+(J33*K$2)+(L33*M$2)+(N33*O$2)+(P33*Q$2)+(R33*S$2)+(T33*U$2)+(V33*W$2)+(X33*Y$2)+(Z33*AA$2)+(AB33*AC$2)+(AN33*AO$2)+(AP33*AQ$2)+(AR33*AS$2)+(AT33*AU$2)+(AV33*AW$2)+(AD33*AE$2)+(AF33*AG$2)+(AH33*AI$2)+(AJ33*$AK$2) -> 4492.84 | AY33: =sum(F33:AK33) + sum(AN33:AW33) -> 368 | AZ33: =0 -> 0 | BA33: =AY33 -> 368 | BB33: =iferror(AX33/BA33,"") -> 12.208804
A34: Thurs | B34: =B33+1 -> 45687 | C34: 2 | D34: Week 1 | F34: 19 | H34: 30 | R34: 163 | T34: 166 | AX34: =(F34*G$2)+(H34*I$2)+(J34*K$2)+(L34*M$2)+(N34*O$2)+(P34*Q$2)+(R34*S$2)+(T34*U$2)+(V34*W$2)+(X34*Y$2)+(Z34*AA$2)+(AB34*AC$2)+(AN34*AO$2)+(AP34*AQ$2)+(AR34*AS$2)+(AT34*AU$2)+(AV34*AW$2)+(AD34*AE$2)+(AF34*AG$2)+(AH34*AI$2)+(AJ34*$AK$2) -> 4748.73 | AY34: =sum(F34:AK34) + sum(AN34:AW34) -> 378 | AZ34: =0 -> 0 | BA34: =AY34 -> 378 | BB34: =iferror(AX34/BA34,"") -> 12.562778
A35: Fri | B35: =B34+1 -> 45688 | C35: 2 | D35: Week 1 | F35: 27 | H35: 30 | R35: 162 | T35: 167 | AX35: =(F35*G$2)+(H35*I$2)+(J35*K$2)+(L35*M$2)+(N35*O$2)+(P35*Q$2)+(R35*S$2)+(T35*U$2)+(V35*W$2)+(X35*Y$2)+(Z35*AA$2)+(AB35*AC$2)+(AN35*AO$2)+(AP35*AQ$2)+(AR35*AS$2)+(AT35*AU$2)+(AV35*AW$2)+(AD35*AE$2)+(AF35*AG$2)+(AH35*AI$2)+(AJ35*$AK$2) -> 4926.73 | AY35: =sum(F35:AK35) + sum(AN35:AW35) -> 386 | AZ35: =0 -> 0 | BA35: =AY35 -> 386 | BB35: =iferror(AX35/BA35,"") -> 12.763549
A36: Sat | B36: =B35+1 -> 45689 | C36: 2 | D36: Week 1 | F36: 5 | H36: 5 | R36: 65 | T36: 63 | AX36: =(F36*G$2)+(H36*I$2)+(J36*K$2)+(L36*M$2)+(N36*O$2)+(P36*Q$2)+(R36*S$2)+(T36*U$2)+(V36*W$2)+(X36*Y$2)+(Z36*AA$2)+(AB36*AC$2)+(AN36*AO$2)+(AP36*AQ$2)+(AR36*AS$2)+(AT36*AU$2)+(AV36*AW$2)+(AD36*AE$2)+(AF36*AG$2)+(AH36*AI$2)+(AJ36*$AK$2) -> 1645.86 | AY36: =sum(F36:AK36) + sum(AN36:AW36) -> 138 | AZ36: =0 -> 0 | BA36: =AY36 -> 138 | BB36: =iferror(AX36/BA36,"") -> 11.926522
A37: Sun | B37: =B36+1 -> 45690 | C37: 2 | D37: Week 1 | AX37: =(F37*G$2)+(H37*I$2)+(J37*K$2)+(L37*M$2)+(N37*O$2)+(P37*Q$2)+(R37*S$2)+(T37*U$2)+(V37*W$2)+(X37*Y$2)+(Z37*AA$2)+(AB37*AC$2)+(AN37*AO$2)+(AP37*AQ$2)+(AR37*AS$2)+(AT37*AU$2)+(AV37*AW$2)+(AD37*AE$2)+(AF37*AG$2)+(AH37*AI$2)+(AJ37*$AK$2) -> 0 | AY37: =sum(F37:AK37) + sum(AN37:AW37) -> 0 | AZ37: =0 -> 0 | BA37: =AY37 -> 0 | BB37: =iferror(AX37/BA37,"")
A38: Mon | B38: =B37+1 -> 45691 | C38: 2 | D38: Week 2 | F38: 27 | H38: 35 | R38: 101 | T38: 165 | AX38: =(F38*G$2)+(H38*I$2)+(J38*K$2)+(L38*M$2)+(N38*O$2)+(P38*Q$2)+(R38*S$2)+(T38*U$2)+(V38*W$2)+(X38*Y$2)+(Z38*AA$2)+(AB38*AC$2)+(AN38*AO$2)+(AP38*AQ$2)+(AR38*AS$2)+(AT38*AU$2)+(AV38*AW$2)+(AD38*AE$2)+(AF38*AG$2)+(AH38*AI$2)+(AJ38*$AK$2) -> 4337.42 | AY38: =sum(F38:AK38) + sum(AN38:AW38) -> 328 | AZ38: =0 -> 0 | BA38: =AY38 -> 328 | BB38: =iferror(AX38/BA38,"") -> 13.223841
A39: Tue | B39: =B38+1 -> 45692 | C39: 2 | D39: Week 2 | F39: 31 | H39: 51 | R39: 174 | T39: 186 | AX39: =(F39*G$2)+(H39*I$2)+(J39*K$2)+(L39*M$2)+(N39*O$2)+(P39*Q$2)+(R39*S$2)+(T39*U$2)+(V39*W$2)+(X39*Y$2)+(Z39*AA$2)+(AB39*AC$2)+(AN39*AO$2)+(AP39*AQ$2)+(AR39*AS$2)+(AT39*AU$2)+(AV39*AW$2)+(AD39*AE$2)+(AF39*AG$2)+(AH39*AI$2)+(AJ39*$AK$2) -> 5827.7 | AY39: =sum(F39:AK39) + sum(AN39:AW39) -> 442 | AZ39: =0 -> 0 | BA39: =AY39 -> 442 | BB39: =iferror(AX39/BA39,"") -> 13.184842
A40: Wed | B40: =B39+1 -> 45693 | C40: 2 | D40: Week 2 | F40: 41 | H40: 60 | R40: 160 | T40: 185 | AX40: =(F40*G$2)+(H40*I$2)+(J40*K$2)+(L40*M$2)+(N40*O$2)+(P40*Q$2)+(R40*S$2)+(T40*U$2)+(V40*W$2)+(X40*Y$2)+(Z40*AA$2)+(AB40*AC$2)+(AN40*AO$2)+(AP40*AQ$2)+(AR40*AS$2)+(AT40*AU$2)+(AV40*AW$2)+(AD40*AE$2)+(AF40*AG$2)+(AH40*AI$2)+(AJ40*$AK$2) -> 6083.65 | AY40: =sum(F40:AK40) + sum(AN40:AW40) -> 446 | AZ40: =0 -> 0 | BA40: =AY40 -> 446 | BB40: =iferror(AX40/BA40,"") -> 13.640471
A41: Thurs | B41: =B40+1 -> 45694 | C41: 2 | D41: Week 2 | F41: 50 | H41: 71 | R41: 157 | T41: 186 | AX41: =(F41*G$2)+(H41*I$2)+(J41*K$2)+(L41*M$2)+(N41*O$2)+(P41*Q$2)+(R41*S$2)+(T41*U$2)+(V41*W$2)+(X41*Y$2)+(Z41*AA$2)+(AB41*AC$2)+(AN41*AO$2)+(AP41*AQ$2)+(AR41*AS$2)+(AT41*AU$2)+(AV41*AW$2)+(AD41*AE$2)+(AF41*AG$2)+(AH41*AI$2)+(AJ41*$AK$2) -> 6506.41 | AY41: =sum(F41:AK41) + sum(AN41:AW41) -> 464 | AZ41: =0 -> 0 | BA41: =AY41 -> 464 | BB41: =iferror(AX41/BA41,"") -> 14.022435
A42: Fri | B42: =B41+1 -> 45695 | C42: 2 | D42: Week 2 | F42: 58 | H42: 77 | R42: 136 | T42: 170 | AX42: =(F42*G$2)+(H42*I$2)+(J42*K$2)+(L42*M$2)+(N42*O$2)+(P42*Q$2)+(R42*S$2)+(T42*U$2)+(V42*W$2)+(X42*Y$2)+(Z42*AA$2)+(AB42*AC$2)+(AN42*AO$2)+(AP42*AQ$2)+(AR42*AS$2)+(AT42*AU$2)+(AV42*AW$2)+(AD42*AE$2)+(AF42*AG$2)+(AH42*AI$2)+(AJ42*$AK$2) -> 6406.47 | AY42: =sum(F42:AK42) + sum(AN42:AW42) -> 441 | AZ42: =0 -> 0 | BA42: =AY42 -> 441 | BB42: =iferror(AX42/BA42,"") -> 14.527143
A43: Sat | B43: =B42+1 -> 45696 | C43: 2 | D43: Week 2 | F43: 35 | H43: 75 | R43: 125 | T43: 131 | AX43: =(F43*G$2)+(H43*I$2)+(J43*K$2)+(L43*M$2)+(N43*O$2)+(P43*Q$2)+(R43*S$2)+(T43*U$2)+(V43*W$2)+(X43*Y$2)+(Z43*AA$2)+(AB43*AC$2)+(AN43*AO$2)+(AP43*AQ$2)+(AR43*AS$2)+(AT43*AU$2)+(AV43*AW$2)+(AD43*AE$2)+(AF43*AG$2)+(AH43*AI$2)+(AJ43*$AK$2) -> 5294.22 | AY43: =sum(F43:AK43) + sum(AN43:AW43) -> 366 | AZ43: =0 -> 0 | BA43: =AY43 -> 366 | BB43: =iferror(AX43/BA43,"") -> 14.465082
A44: Sun | B44: =B43+1 -> 45697 | C44: 2 | D44: Week 2 | AX44: =(F44*G$2)+(H44*I$2)+(J44*K$2)+(L44*M$2)+(N44*O$2)+(P44*Q$2)+(R44*S$2)+(T44*U$2)+(V44*W$2)+(X44*Y$2)+(Z44*AA$2)+(AB44*AC$2)+(AN44*AO$2)+(AP44*AQ$2)+(AR44*AS$2)+(AT44*AU$2)+(AV44*AW$2)+(AD44*AE$2)+(AF44*AG$2)+(AH44*AI$2)+(AJ44*$AK$2) -> 0 | AY44: =sum(F44:AK44) + sum(AN44:AW44) -> 0 | AZ44: =0 -> 0 | BA44: =AY44 -> 0 | BB44: =iferror(AX44/BA44,"")
A45: Mon | B45: =B44+1 -> 45698 | C45: 2 | D45: Week 3 | F45: 50 | H45: 53 | R45: 153 | T45: 207 | AX45: =(F45*G$2)+(H45*I$2)+(J45*K$2)+(L45*M$2)+(N45*O$2)+(P45*Q$2)+(R45*S$2)+(T45*U$2)+(V45*W$2)+(X45*Y$2)+(Z45*AA$2)+(AB45*AC$2)+(AN45*AO$2)+(AP45*AQ$2)+(AR45*AS$2)+(AT45*AU$2)+(AV45*AW$2)+(AD45*AE$2)+(AF45*AG$2)+(AH45*AI$2)+(AJ45*$AK$2) -> 6294.95 | AY45: =sum(F45:AK45) + sum(AN45:AW45) -> 463 | AZ45: =0 -> 0 | BA45: =AY45 -> 463 | BB45: =iferror(AX45/BA45,"") -> 13.596004
A46: Tue | B46: =B45+1 -> 45699 | C46: 2 | D46: Week 3 | F46: 45 | H46: 85 | R46: 179 | T46: 246 | AX46: =(F46*G$2)+(H46*I$2)+(J46*K$2)+(L46*M$2)+(N46*O$2)+(P46*Q$2)+(R46*S$2)+(T46*U$2)+(V46*W$2)+(X46*Y$2)+(Z46*AA$2)+(AB46*AC$2)+(AN46*AO$2)+(AP46*AQ$2)+(AR46*AS$2)+(AT46*AU$2)+(AV46*AW$2)+(AD46*AE$2)+(AF46*AG$2)+(AH46*AI$2)+(AJ46*$AK$2) -> 7618.5 | AY46: =sum(F46:AK46) + sum(AN46:AW46) -> 555 | AZ46: =0 -> 0 | BA46: =AY46 -> 555 | BB46: =iferror(AX46/BA46,"") -> 13.727027
A47: Wed | B47: =B46+1 -> 45700 | C47: 2 | D47: Week 3 | F47: 37 | H47: 106 | R47: 180 | T47: 248 | AX47: =(F47*G$2)+(H47*I$2)+(J47*K$2)+(L47*M$2)+(N47*O$2)+(P47*Q$2)+(R47*S$2)+(T47*U$2)+(V47*W$2)+(X47*Y$2)+(Z47*AA$2)+(AB47*AC$2)+(AN47*AO$2)+(AP47*AQ$2)+(AR47*AS$2)+(AT47*AU$2)+(AV47*AW$2)+(AD47*AE$2)+(AF47*AG$2)+(AH47*AI$2)+(AJ47*$AK$2) -> 7941.11 | AY47: =sum(F47:AK47) + sum(AN47:AW47) -> 571 | AZ47: =0 -> 0 | BA47: =AY47 -> 571 | BB47: =iferror(AX47/BA47,"") -> 13.907373
A48: Thurs | B48: =B47+1 -> 45701 | C48: 2 | D48: Week 3 | F48: 65 | H48: 125 | R48: 187 | T48: 192 | AX48: =(F48*G$2)+(H48*I$2)+(J48*K$2)+(L48*M$2)+(N48*O$2)+(P48*Q$2)+(R48*S$2)+(T48*U$2)+(V48*W$2)+(X48*Y$2)+(Z48*AA$2)+(AB48*AC$2)+(AN48*AO$2)+(AP48*AQ$2)+(AR48*AS$2)+(AT48*AU$2)+(AV48*AW$2)+(AD48*AE$2)+(AF48*AG$2)+(AH48*AI$2)+(AJ48*$AK$2) -> 8441.98 | AY48: =sum(F48:AK48) + sum(AN48:AW48) -> 569 | AZ48: =0 -> 0 | BA48: =AY48 -> 569 | BB48: =iferror(AX48/BA48,"") -> 14.83652
A49: Fri | B49: =B48+1 -> 45702 | C49: 2 | D49: Week 3 | F49: 108 | H49: 120 | R49: 188 | T49: 196 | AX49: =(F49*G$2)+(H49*I$2)+(J49*K$2)+(L49*M$2)+(N49*O$2)+(P49*Q$2)+(R49*S$2)+(T49*U$2)+(V49*W$2)+(X49*Y$2)+(Z49*AA$2)+(AB49*AC$2)+(AN49*AO$2)+(AP49*AQ$2)+(AR49*AS$2)+(AT49*AU$2)+(AV49*AW$2)+(AD49*AE$2)+(AF49*AG$2)+(AH49*AI$2)+(AJ49*$AK$2) -> 9343.08 | AY49: =sum(F49:AK49) + sum(AN49:AW49) -> 612 | AZ49: =0 -> 0 | BA49: =AY49 -> 612 | BB49: =iferror(AX49/BA49,"") -> 15.266471
A50: Sat | B50: =B49+1 -> 45703 | C50: 2 | D50: Week 3 | F50: 89 | H50: 99 | R50: 170 | T50: 169 | AX50: =(F50*G$2)+(H50*I$2)+(J50*K$2)+(L50*M$2)+(N50*O$2)+(P50*Q$2)+(R50*S$2)+(T50*U$2)+(V50*W$2)+(X50*Y$2)+(Z50*AA$2)+(AB50*AC$2)+(AN50*AO$2)+(AP50*AQ$2)+(AR50*AS$2)+(AT50*AU$2)+(AV50*AW$2)+(AD50*AE$2)+(AF50*AG$2)+(AH50*AI$2)+(AJ50*$AK$2) -> 7952.68 | AY50: =sum(F50:AK50) + sum(AN50:AW50) -> 527 | AZ50: =0 -> 0 | BA50: =AY50 -> 527 | BB50: =iferror(AX50/BA50,"") -> 15.090474
A51: Sun | B51: =B50+1 -> 45704 | C51: 2 | D51: Week 3 | AX51: =(F51*G$2)+(H51*I$2)+(J51*K$2)+(L51*M$2)+(N51*O$2)+(P51*Q$2)+(R51*S$2)+(T51*U$2)+(V51*W$2)+(X51*Y$2)+(Z51*AA$2)+(AB51*AC$2)+(AN51*AO$2)+(AP51*AQ$2)+(AR51*AS$2)+(AT51*AU$2)+(AV51*AW$2)+(AD51*AE$2)+(AF51*AG$2)+(AH51*AI$2)+(AJ51*$AK$2) -> 0 | AY51: =sum(F51:AK51) + sum(AN51:AW51) -> 0 | AZ51: =0 -> 0 | BA51: =AY51 -> 0 | BB51: =iferror(AX51/BA51,"")
A52: Mon | B52: =B51+1 -> 45705 | C52: 2 | D52: Week 4 | F52: 121 | H52: 150 | R52: 200 | T52: 206 | AX52: =(F52*G$2)+(H52*I$2)+(J52*K$2)+(L52*M$2)+(N52*O$2)+(P52*Q$2)+(R52*S$2)+(T52*U$2)+(V52*W$2)+(X52*Y$2)+(Z52*AA$2)+(AB52*AC$2)+(AN52*AO$2)+(AP52*AQ$2)+(AR52*AS$2)+(AT52*AU$2)+(AV52*AW$2)+(AD52*AE$2)+(AF52*AG$2)+(AH52*AI$2)+(AJ52*$AK$2) -> 10544.47 | AY52: =sum(F52:AK52) + sum(AN52:AW52) -> 677 | AZ52: =0 -> 0 | BA52: =AY52 -> 677 | BB52: =iferror(AX52/BA52,"") -> 15.575288
A53: Tue | B53: =B52+1 -> 45706 | C53: 2 | D53: Week 4 | F53: 81 | H53: 155 | R53: 203 | T53: 204 | AX53: =(F53*G$2)+(H53*I$2)+(J53*K$2)+(L53*M$2)+(N53*O$2)+(P53*Q$2)+(R53*S$2)+(T53*U$2)+(V53*W$2)+(X53*Y$2)+(Z53*AA$2)+(AB53*AC$2)+(AN53*AO$2)+(AP53*AQ$2)+(AR53*AS$2)+(AT53*AU$2)+(AV53*AW$2)+(AD53*AE$2)+(AF53*AG$2)+(AH53*AI$2)+(AJ53*$AK$2) -> 9776.84 | AY53: =sum(F53:AK53) + sum(AN53:AW53) -> 643 | AZ53: =0 -> 0 | BA53: =AY53 -> 643 | BB53: =iferror(AX53/BA53,"") -> 15.205039
A54: Wed | B54: =B53+1 -> 45707 | C54: 2 | D54: Week 4 | F54: 75 | H54: 125 | R54: 196 | T54: 222 | AX54: =(F54*G$2)+(H54*I$2)+(J54*K$2)+(L54*M$2)+(N54*O$2)+(P54*Q$2)+(R54*S$2)+(T54*U$2)+(V54*W$2)+(X54*Y$2)+(Z54*AA$2)+(AB54*AC$2)+(AN54*AO$2)+(AP54*AQ$2)+(AR54*AS$2)+(AT54*AU$2)+(AV54*AW$2)+(AD54*AE$2)+(AF54*AG$2)+(AH54*AI$2)+(AJ54*$AK$2) -> 9098.16 | AY54: =sum(F54:AK54) + sum(AN54:AW54) -> 618 | AZ54: =0 -> 0 | BA54: =AY54 -> 618 | BB54: =iferror(AX54/BA54,"") -> 14.721942
A55: Thurs | B55: =B54+1 -> 45708 | C55: 2 | D55: Week 4 | F55: 75 | H55: 140 | R55: 199 | T55: 223 | AX55: =(F55*G$2)+(H55*I$2)+(J55*K$2)+(L55*M$2)+(N55*O$2)+(P55*Q$2)+(R55*S$2)+(T55*U$2)+(V55*W$2)+(X55*Y$2)+(Z55*AA$2)+(AB55*AC$2)+(AN55*AO$2)+(AP55*AQ$2)+(AR55*AS$2)+(AT55*AU$2)+(AV55*AW$2)+(AD55*AE$2)+(AF55*AG$2)+(AH55*AI$2)+(AJ55*$AK$2) -> 9476.39 | AY55: =sum(F55:AK55) + sum(AN55:AW55) -> 637 | AZ55: =0 -> 0 | BA55: =AY55 -> 637 | BB55: =iferror(AX55/BA55,"") -> 14.876593
A56: Fri | B56: =B55+1 -> 45709 | C56: 2 | D56: Week 4 | F56: 100 | H56: 160 | R56: 212 | T56: 217 | AX56: =(F56*G$2)+(H56*I$2)+(J56*K$2)+(L56*M$2)+(N56*O$2)+(P56*Q$2)+(R56*S$2)+(T56*U$2)+(V56*W$2)+(X56*Y$2)+(Z56*AA$2)+(AB56*AC$2)+(AN56*AO$2)+(AP56*AQ$2)+(AR56*AS$2)+(AT56*AU$2)+(AV56*AW$2)+(AD56*AE$2)+(AF56*AG$2)+(AH56*AI$2)+(AJ56*$AK$2) -> 10555.48 | AY56: =sum(F56:AK56) + sum(AN56:AW56) -> 689 | AZ56: =0 -> 0 | BA56: =AY56 -> 689 | BB56: =iferror(AX56/BA56,"") -> 15.32
A57: Sat | B57: =B56+1 -> 45710 | C57: 2 | D57: Week 4 | F57: 87 | H57: 88 | R57: 180 | T57: 165 | AX57: =(F57*G$2)+(H57*I$2)+(J57*K$2)+(L57*M$2)+(N57*O$2)+(P57*Q$2)+(R57*S$2)+(T57*U$2)+(V57*W$2)+(X57*Y$2)+(Z57*AA$2)+(AB57*AC$2)+(AN57*AO$2)+(AP57*AQ$2)+(AR57*AS$2)+(AT57*AU$2)+(AV57*AW$2)+(AD57*AE$2)+(AF57*AG$2)+(AH57*AI$2)+(AJ57*$AK$2) -> 7730.15 | AY57: =sum(F57:AK57) + sum(AN57:AW57) -> 520 | AZ57: =0 -> 0 | BA57: =AY57 -> 520 | BB57: =iferror(AX57/BA57,"") -> 14.865673
A58: Sun | B58: =B57+1 -> 45711 | C58: 2 | D58: Week 4 | F58: 90 | H58: 60 | R58: 0 | T58: 0 | AX58: =(F58*G$2)+(H58*I$2)+(J58*K$2)+(L58*M$2)+(N58*O$2)+(P58*Q$2)+(R58*S$2)+(T58*U$2)+(V58*W$2)+(X58*Y$2)+(Z58*AA$2)+(AB58*AC$2)+(AN58*AO$2)+(AP58*AQ$2)+(AR58*AS$2)+(AT58*AU$2)+(AV58*AW$2)+(AD58*AE$2)+(AF58*AG$2)+(AH58*AI$2)+(AJ58*$AK$2) -> 3337.5 | AY58: =sum(F58:AK58) + sum(AN58:AW58) -> 150 | AZ58: =0 -> 0 | BA58: =AY58 -> 150 | BB58: =iferror(AX58/BA58,"") -> 22.25
A59: Mon | B59: =B58+1 -> 45712 | C59: 3 | D59: Week 1 | F59: 140 | H59: 140 | R59: 182 | T59: 185 | AX59: =(F59*G$2)+(H59*I$2)+(J59*K$2)+(L59*M$2)+(N59*O$2)+(P59*Q$2)+(R59*S$2)+(T59*U$2)+(V59*W$2)+(X59*Y$2)+(Z59*AA$2)+(AB59*AC$2)+(AN59*AO$2)+(AP59*AQ$2)+(AR59*AS$2)+(AT59*AU$2)+(AV59*AW$2)+(AD59*AE$2)+(AF59*AG$2)+(AH59*AI$2)+(AJ59*$AK$2) -> 10311.04 | AY59: =sum(F59:AK59) + sum(AN59:AW59) -> 647 | AZ59: =0 -> 0 | BA59: =AY59 -> 647 | BB59: =iferror(AX59/BA59,"") -> 15.936692
A60: Tue | B60: =B59+1 -> 45713 | C60: 3 | D60: Week 1 | F60: 120 | H60: 105 | R60: 203 | T60: 224 | AX60: =(F60*G$2)+(H60*I$2)+(J60*K$2)+(L60*M$2)+(N60*O$2)+(P60*Q$2)+(R60*S$2)+(T60*U$2)+(V60*W$2)+(X60*Y$2)+(Z60*AA$2)+(AB60*AC$2)+(AN60*AO$2)+(AP60*AQ$2)+(AR60*AS$2)+(AT60*AU$2)+(AV60*AW$2)+(AD60*AE$2)+(AF60*AG$2)+(AH60*AI$2)+(AJ60*$AK$2) -> 9754.49 | AY60: =sum(F60:AK60) + sum(AN60:AW60) -> 652 | AZ60: =0 -> 0 | BA60: =AY60 -> 652 | BB60: =iferror(AX60/BA60,"") -> 14.960874
A61: Wed | B61: =B60+1 -> 45714 | C61: 3 | D61: Week 1 | F61: 112 | H61: 135 | R61: 188 | T61: 230 | AX61: =(F61*G$2)+(H61*I$2)+(J61*K$2)+(L61*M$2)+(N61*O$2)+(P61*Q$2)+(R61*S$2)+(T61*U$2)+(V61*W$2)+(X61*Y$2)+(Z61*AA$2)+(AB61*AC$2)+(AN61*AO$2)+(AP61*AQ$2)+(AR61*AS$2)+(AT61*AU$2)+(AV61*AW$2)+(AD61*AE$2)+(AF61*AG$2)+(AH61*AI$2)+(AJ61*$AK$2) -> 10143.91 | AY61: =sum(F61:AK61) + sum(AN61:AW61) -> 665 | AZ61: =0 -> 0 | BA61: =AY61 -> 665 | BB61: =iferror(AX61/BA61,"") -> 15.254
A62: Thurs | B62: =B61+1 -> 45715 | C62: 3 | D62: Week 1 | F62: 121 | H62: 95 | R62: 197 | T62: 227 | AX62: =(F62*G$2)+(H62*I$2)+(J62*K$2)+(L62*M$2)+(N62*O$2)+(P62*Q$2)+(R62*S$2)+(T62*U$2)+(V62*W$2)+(X62*Y$2)+(Z62*AA$2)+(AB62*AC$2)+(AN62*AO$2)+(AP62*AQ$2)+(AR62*AS$2)+(AT62*AU$2)+(AV62*AW$2)+(AD62*AE$2)+(AF62*AG$2)+(AH62*AI$2)+(AJ62*$AK$2) -> 9520.88 | AY62: =sum(F62:AK62) + sum(AN62:AW62) -> 640 | AZ62: =0 -> 0 | BA62: =AY62 -> 640 | BB62: =iferror(AX62/BA62,"") -> 14.876375
A63: Fri | B63: =B62+1 -> 45716 | C63: 3 | D63: Week 1 | F63: 115 | H63: 115 | R63: 189 | T63: 230 | AX63: =(F63*G$2)+(H63*I$2)+(J63*K$2)+(L63*M$2)+(N63*O$2)+(P63*Q$2)+(R63*S$2)+(T63*U$2)+(V63*W$2)+(X63*Y$2)+(Z63*AA$2)+(AB63*AC$2)+(AN63*AO$2)+(AP63*AQ$2)+(AR63*AS$2)+(AT63*AU$2)+(AV63*AW$2)+(AD63*AE$2)+(AF63*AG$2)+(AH63*AI$2)+(AJ63*$AK$2) -> 9776.78 | AY63: =sum(F63:AK63) + sum(AN63:AW63) -> 649 | AZ63: =0 -> 0 | BA63: =AY63 -> 649 | BB63: =iferror(AX63/BA63,"") -> 15.064376
A64: Sat | B64: =B63+1 -> 45717 | C64: 3 | D64: Week 1 | F64: 95 | H64: 90 | R64: 170 | T64: 191 | AX64: =(F64*G$2)+(H64*I$2)+(J64*K$2)+(L64*M$2)+(N64*O$2)+(P64*Q$2)+(R64*S$2)+(T64*U$2)+(V64*W$2)+(X64*Y$2)+(Z64*AA$2)+(AB64*AC$2)+(AN64*AO$2)+(AP64*AQ$2)+(AR64*AS$2)+(AT64*AU$2)+(AV64*AW$2)+(AD64*AE$2)+(AF64*AG$2)+(AH64*AI$2)+(AJ64*$AK$2) -> 8130.57 | AY64: =sum(F64:AK64) + sum(AN64:AW64) -> 546 | AZ64: =0 -> 0 | BA64: =AY64 -> 546 | BB64: =iferror(AX64/BA64,"") -> 14.891154
A65: Sun | B65: =B64+1 -> 45718 | C65: 3 | D65: Week 1 | F65: 91 | H65: 111 | AX65: =(F65*G$2)+(H65*I$2)+(J65*K$2)+(L65*M$2)+(N65*O$2)+(P65*Q$2)+(R65*S$2)+(T65*U$2)+(V65*W$2)+(X65*Y$2)+(Z65*AA$2)+(AB65*AC$2)+(AN65*AO$2)+(AP65*AQ$2)+(AR65*AS$2)+(AT65*AU$2)+(AV65*AW$2)+(AD65*AE$2)+(AF65*AG$2)+(AH65*AI$2)+(AJ65*$AK$2) -> 4494.5 | AY65: =sum(F65:AK65) + sum(AN65:AW65) -> 202 | AZ65: =0 -> 0 | BA65: =AY65 -> 202 | BB65: =iferror(AX65/BA65,"") -> 22.25
A66: Mon | B66: =B65+1 -> 45719 | C66: 3 | D66: Week 2 | F66: 0 | H66: 0 | R66: 223 | T66: 207 | AX66: =(F66*G$2)+(H66*I$2)+(J66*K$2)+(L66*M$2)+(N66*O$2)+(P66*Q$2)+(R66*S$2)+(T66*U$2)+(V66*W$2)+(X66*Y$2)+(Z66*AA$2)+(AB66*AC$2)+(AN66*AO$2)+(AP66*AQ$2)+(AR66*AS$2)+(AT66*AU$2)+(AV66*AW$2)+(AD66*AE$2)+(AF66*AG$2)+(AH66*AI$2)+(AJ66*$AK$2) -> 4781.6 | AY66: =sum(F66:AK66) + sum(AN66:AW66) -> 430 | AZ66: =0 -> 0 | BA66: =AY66 -> 430 | BB66: =iferror(AX66/BA66,"") -> 11.12
A67: Tue | B67: =B66+1 -> 45720 | C67: 3 | D67: Week 2 | F67: 24 | H67: 15 | R67: 268 | T67: 283 | AX67: =(F67*G$2)+(H67*I$2)+(J67*K$2)+(L67*M$2)+(N67*O$2)+(P67*Q$2)+(R67*S$2)+(T67*U$2)+(V67*W$2)+(X67*Y$2)+(Z67*AA$2)+(AB67*AC$2)+(AN67*AO$2)+(AP67*AQ$2)+(AR67*AS$2)+(AT67*AU$2)+(AV67*AW$2)+(AD67*AE$2)+(AF67*AG$2)+(AH67*AI$2)+(AJ67*$AK$2) -> 6994.87 | AY67: =sum(F67:AK67) + sum(AN67:AW67) -> 590 | AZ67: =0 -> 0 | BA67: =AY67 -> 590 | BB67: =iferror(AX67/BA67,"") -> 11.855712
A68: Wed | B68: =B67+1 -> 45721 | C68: 3 | D68: Week 2 | F68: 100 | H68: 100 | R68: 213 | T68: 276 | AX68: =(F68*G$2)+(H68*I$2)+(J68*K$2)+(L68*M$2)+(N68*O$2)+(P68*Q$2)+(R68*S$2)+(T68*U$2)+(V68*W$2)+(X68*Y$2)+(Z68*AA$2)+(AB68*AC$2)+(AN68*AO$2)+(AP68*AQ$2)+(AR68*AS$2)+(AT68*AU$2)+(AV68*AW$2)+(AD68*AE$2)+(AF68*AG$2)+(AH68*AI$2)+(AJ68*$AK$2) -> 9887.68 | AY68: =sum(F68:AK68) + sum(AN68:AW68) -> 689 | AZ68: =0 -> 0 | BA68: =AY68 -> 689 | BB68: =iferror(AX68/BA68,"") -> 14.350769
A69: Thurs | B69: =B68+1 -> 45722 | C69: 3 | D69: Week 2 | F69: 115 | H69: 111 | R69: 230 | T69: 287 | AX69: =(F69*G$2)+(H69*I$2)+(J69*K$2)+(L69*M$2)+(N69*O$2)+(P69*Q$2)+(R69*S$2)+(T69*U$2)+(V69*W$2)+(X69*Y$2)+(Z69*AA$2)+(AB69*AC$2)+(AN69*AO$2)+(AP69*AQ$2)+(AR69*AS$2)+(AT69*AU$2)+(AV69*AW$2)+(AD69*AE$2)+(AF69*AG$2)+(AH69*AI$2)+(AJ69*$AK$2) -> 10777.54 | AY69: =sum(F69:AK69) + sum(AN69:AW69) -> 743 | AZ69: =0 -> 0 | BA69: =AY69 -> 743 | BB69: =iferror(AX69/BA69,"") -> 14.505437
A70: Fri | B70: =B69+1 -> 45723 | C70: 3 | D70: Week 2 | F70: 72 | H70: 100 | R70: 62 | T70: 61 | AX70: =(F70*G$2)+(H70*I$2)+(J70*K$2)+(L70*M$2)+(N70*O$2)+(P70*Q$2)+(R70*S$2)+(T70*U$2)+(V70*W$2)+(X70*Y$2)+(Z70*AA$2)+(AB70*AC$2)+(AN70*AO$2)+(AP70*AQ$2)+(AR70*AS$2)+(AT70*AU$2)+(AV70*AW$2)+(AD70*AE$2)+(AF70*AG$2)+(AH70*AI$2)+(AJ70*$AK$2) -> 5194.76 | AY70: =sum(F70:AK70) + sum(AN70:AW70) -> 295 | AZ70: =0 -> 0 | BA70: =AY70 -> 295 | BB70: =iferror(AX70/BA70,"") -> 17.609356
A71: Sat | B71: =B70+1 -> 45724 | C71: 3 | D71: Week 2 | F71: 113 | H71: 112 | R71: 226 | T71: 223 | AX71: =(F71*G$2)+(H71*I$2)+(J71*K$2)+(L71*M$2)+(N71*O$2)+(P71*Q$2)+(R71*S$2)+(T71*U$2)+(V71*W$2)+(X71*Y$2)+(Z71*AA$2)+(AB71*AC$2)+(AN71*AO$2)+(AP71*AQ$2)+(AR71*AS$2)+(AT71*AU$2)+(AV71*AW$2)+(AD71*AE$2)+(AF71*AG$2)+(AH71*AI$2)+(AJ71*$AK$2) -> 9999.13 | AY71: =sum(F71:AK71) + sum(AN71:AW71) -> 674 | AZ71: =0 -> 0 | BA71: =AY71 -> 674 | BB71: =iferror(AX71/BA71,"") -> 14.835504
A72: Sun | B72: =B71+1 -> 45725 | C72: 3 | D72: Week 2 | R72: 191 | T72: 185 | AX72: =(F72*G$2)+(H72*I$2)+(J72*K$2)+(L72*M$2)+(N72*O$2)+(P72*Q$2)+(R72*S$2)+(T72*U$2)+(V72*W$2)+(X72*Y$2)+(Z72*AA$2)+(AB72*AC$2)+(AN72*AO$2)+(AP72*AQ$2)+(AR72*AS$2)+(AT72*AU$2)+(AV72*AW$2)+(AD72*AE$2)+(AF72*AG$2)+(AH72*AI$2)+(AJ72*$AK$2) -> 4181.12 | AY72: =sum(F72:AK72) + sum(AN72:AW72) -> 376 | AZ72: =0 -> 0 | BA72: =AY72 -> 376 | BB72: =iferror(AX72/BA72,"") -> 11.12
A73: Mon | B73: =B72+1 -> 45726 | C73: 3 | D73: Week 3 | F73: 90 | H73: 100 | R73: 248 | T73: 263 | AX73: =(F73*G$2)+(H73*I$2)+(J73*K$2)+(L73*M$2)+(N73*O$2)+(P73*Q$2)+(R73*S$2)+(T73*U$2)+(V73*W$2)+(X73*Y$2)+(Z73*AA$2)+(AB73*AC$2)+(AN73*AO$2)+(AP73*AQ$2)+(AR73*AS$2)+(AT73*AU$2)+(AV73*AW$2)+(AD73*AE$2)+(AF73*AG$2)+(AH73*AI$2)+(AJ73*$AK$2) -> 9909.82 | AY73: =sum(F73:AK73) + sum(AN73:AW73) -> 701 | AZ73: =0 -> 0 | BA73: =AY73 -> 701 | BB73: =iferror(AX73/BA73,"") -> 14.13669
A74: Tue | B74: =B73+1 -> 45727 | C74: 3 | D74: Week 3 | F74: 77 | H74: 100 | R74: 244 | T74: 249 | AX74: =(F74*G$2)+(H74*I$2)+(J74*K$2)+(L74*M$2)+(N74*O$2)+(P74*Q$2)+(R74*S$2)+(T74*U$2)+(V74*W$2)+(X74*Y$2)+(Z74*AA$2)+(AB74*AC$2)+(AN74*AO$2)+(AP74*AQ$2)+(AR74*AS$2)+(AT74*AU$2)+(AV74*AW$2)+(AD74*AE$2)+(AF74*AG$2)+(AH74*AI$2)+(AJ74*$AK$2) -> 9420.41 | AY74: =sum(F74:AK74) + sum(AN74:AW74) -> 670 | AZ74: =0 -> 0 | BA74: =AY74 -> 670 | BB74: =iferror(AX74/BA74,"") -> 14.060313
A75: Wed | B75: =B74+1 -> 45728 | C75: 3 | D75: Week 3 | AX75: =(F75*G$2)+(H75*I$2)+(J75*K$2)+(L75*M$2)+(N75*O$2)+(P75*Q$2)+(R75*S$2)+(T75*U$2)+(V75*W$2)+(X75*Y$2)+(Z75*AA$2)+(AB75*AC$2)+(AN75*AO$2)+(AP75*AQ$2)+(AR75*AS$2)+(AT75*AU$2)+(AV75*AW$2)+(AD75*AE$2)+(AF75*AG$2)+(AH75*AI$2)+(AJ75*$AK$2) -> 0 | AY75: =sum(F75:AK75) + sum(AN75:AW75) -> 0 | AZ75: =0 -> 0 | BA75: =AY75 -> 0 | BB75: =iferror(AX75/BA75,"")
A76: Thurs | B76: =B75+1 -> 45729 | C76: 3 | D76: Week 3 | F76: 65 | H76: 125 | R76: 244 | T76: 251 | AX76: =(F76*G$2)+(H76*I$2)+(J76*K$2)+(L76*M$2)+(N76*O$2)+(P76*Q$2)+(R76*S$2)+(T76*U$2)+(V76*W$2)+(X76*Y$2)+(Z76*AA$2)+(AB76*AC$2)+(AN76*AO$2)+(AP76*AQ$2)+(AR76*AS$2)+(AT76*AU$2)+(AV76*AW$2)+(AD76*AE$2)+(AF76*AG$2)+(AH76*AI$2)+(AJ76*$AK$2) -> 9731.9 | AY76: =sum(F76:AK76) + sum(AN76:AW76) -> 685 | AZ76: =0 -> 0 | BA76: =AY76 -> 685 | BB76: =iferror(AX76/BA76,"") -> 14.207153
A77: Fri | B77: =B76+1 -> 45730 | C77: 3 | D77: Week 3 | F77: 85 | H77: 65 | R77: 208 | T77: 280 | AX77: =(F77*G$2)+(H77*I$2)+(J77*K$2)+(L77*M$2)+(N77*O$2)+(P77*Q$2)+(R77*S$2)+(T77*U$2)+(V77*W$2)+(X77*Y$2)+(Z77*AA$2)+(AB77*AC$2)+(AN77*AO$2)+(AP77*AQ$2)+(AR77*AS$2)+(AT77*AU$2)+(AV77*AW$2)+(AD77*AE$2)+(AF77*AG$2)+(AH77*AI$2)+(AJ77*$AK$2) -> 8764.06 | AY77: =sum(F77:AK77) + sum(AN77:AW77) -> 638 | AZ77: =0 -> 0 | BA77: =AY77 -> 638 | BB77: =iferror(AX77/BA77,"") -> 13.736771
A78: Sat | B78: =B77+1 -> 45731 | C78: 3 | D78: Week 3 | F78: 75 | H78: 68 | R78: 192 | T78: 260 | AX78: =(F78*G$2)+(H78*I$2)+(J78*K$2)+(L78*M$2)+(N78*O$2)+(P78*Q$2)+(R78*S$2)+(T78*U$2)+(V78*W$2)+(X78*Y$2)+(Z78*AA$2)+(AB78*AC$2)+(AN78*AO$2)+(AP78*AQ$2)+(AR78*AS$2)+(AT78*AU$2)+(AV78*AW$2)+(AD78*AE$2)+(AF78*AG$2)+(AH78*AI$2)+(AJ78*$AK$2) -> 8207.99 | AY78: =sum(F78:AK78) + sum(AN78:AW78) -> 595 | AZ78: =0 -> 0 | BA78: =AY78 -> 595 | BB78: =iferror(AX78/BA78,"") -> 13.794941
A79: Sun | B79: =B78+1 -> 45732 | C79: 3 | D79: Week 3 | F79: 90 | H79: 91 | R79: 185 | T79: 246 | AX79: =(F79*G$2)+(H79*I$2)+(J79*K$2)+(L79*M$2)+(N79*O$2)+(P79*Q$2)+(R79*S$2)+(T79*U$2)+(V79*W$2)+(X79*Y$2)+(Z79*AA$2)+(AB79*AC$2)+(AN79*AO$2)+(AP79*AQ$2)+(AR79*AS$2)+(AT79*AU$2)+(AV79*AW$2)+(AD79*AE$2)+(AF79*AG$2)+(AH79*AI$2)+(AJ79*$AK$2) -> 8819.97 | AY79: =sum(F79:AK79) + sum(AN79:AW79) -> 612 | AZ79: =0 -> 0 | BA79: =AY79 -> 612 | BB79: =iferror(AX79/BA79,"") -> 14.411716
A80: Mon | B80: =B79+1 -> 45733 | C80: 3 | D80: Week 4 | F80: 95 | H80: 134 | R80: 225 | T80: 334 | AX80: =(F80*G$2)+(H80*I$2)+(J80*K$2)+(L80*M$2)+(N80*O$2)+(P80*Q$2)+(R80*S$2)+(T80*U$2)+(V80*W$2)+(X80*Y$2)+(Z80*AA$2)+(AB80*AC$2)+(AN80*AO$2)+(AP80*AQ$2)+(AR80*AS$2)+(AT80*AU$2)+(AV80*AW$2)+(AD80*AE$2)+(AF80*AG$2)+(AH80*AI$2)+(AJ80*$AK$2) -> 11311.33 | AY80: =sum(F80:AK80) + sum(AN80:AW80) -> 788 | AZ80: =0 -> 0 | BA80: =AY80 -> 788 | BB80: =iferror(AX80/BA80,"") -> 14.35448
A81: Tue | B81: =B80+1 -> 45734 | C81: 3 | D81: Week 4 | F81: 75 | H81: 130 | R81: 226 | T81: 325 | AX81: =(F81*G$2)+(H81*I$2)+(J81*K$2)+(L81*M$2)+(N81*O$2)+(P81*Q$2)+(R81*S$2)+(T81*U$2)+(V81*W$2)+(X81*Y$2)+(Z81*AA$2)+(AB81*AC$2)+(AN81*AO$2)+(AP81*AQ$2)+(AR81*AS$2)+(AT81*AU$2)+(AV81*AW$2)+(AD81*AE$2)+(AF81*AG$2)+(AH81*AI$2)+(AJ81*$AK$2) -> 10688.37 | AY81: =sum(F81:AK81) + sum(AN81:AW81) -> 756 | AZ81: =0 -> 0 | BA81: =AY81 -> 756 | BB81: =iferror(AX81/BA81,"") -> 14.138056
A82: Wed | B82: =B81+1 -> 45735 | C82: 3 | D82: Week 4 | F82: 60 | H82: 85 | R82: 263 | T82: 362 | AX82: =(F82*G$2)+(H82*I$2)+(J82*K$2)+(L82*M$2)+(N82*O$2)+(P82*Q$2)+(R82*S$2)+(T82*U$2)+(V82*W$2)+(X82*Y$2)+(Z82*AA$2)+(AB82*AC$2)+(AN82*AO$2)+(AP82*AQ$2)+(AR82*AS$2)+(AT82*AU$2)+(AV82*AW$2)+(AD82*AE$2)+(AF82*AG$2)+(AH82*AI$2)+(AJ82*$AK$2) -> 10176.25 | AY82: =sum(F82:AK82) + sum(AN82:AW82) -> 770 | AZ82: =0 -> 0 | BA82: =AY82 -> 770 | BB82: =iferror(AX82/BA82,"") -> 13.215909
A83: Thurs | B83: =B82+1 -> 45736 | C83: 3 | D83: Week 4 | F83: 50 | H83: 75 | R83: 270 | T83: 280 | AX83: =(F83*G$2)+(H83*I$2)+(J83*K$2)+(L83*M$2)+(N83*O$2)+(P83*Q$2)+(R83*S$2)+(T83*U$2)+(V83*W$2)+(X83*Y$2)+(Z83*AA$2)+(AB83*AC$2)+(AN83*AO$2)+(AP83*AQ$2)+(AR83*AS$2)+(AT83*AU$2)+(AV83*AW$2)+(AD83*AE$2)+(AF83*AG$2)+(AH83*AI$2)+(AJ83*$AK$2) -> 8897.25 | AY83: =sum(F83:AK83) + sum(AN83:AW83) -> 675 | AZ83: =0 -> 0 | BA83: =AY83 -> 675 | BB83: =iferror(AX83/BA83,"") -> 13.181111
A84: Fri | B84: =B83+1 -> 45737 | C84: 3 | D84: Week 4 | F84: 70 | H84: 65 | R84: 254 | T84: 320 | AX84: =(F84*G$2)+(H84*I$2)+(J84*K$2)+(L84*M$2)+(N84*O$2)+(P84*Q$2)+(R84*S$2)+(T84*U$2)+(V84*W$2)+(X84*Y$2)+(Z84*AA$2)+(AB84*AC$2)+(AN84*AO$2)+(AP84*AQ$2)+(AR84*AS$2)+(AT84*AU$2)+(AV84*AW$2)+(AD84*AE$2)+(AF84*AG$2)+(AH84*AI$2)+(AJ84*$AK$2) -> 9386.63 | AY84: =sum(F84:AK84) + sum(AN84:AW84) -> 709 | AZ84: =0 -> 0 | BA84: =AY84 -> 709 | BB84: =iferror(AX84/BA84,"") -> 13.239252
A85: Sat | B85: =B84+1 -> 45738 | C85: 3 | D85: Week 4 | F85: 30 | H85: 32 | R85: 239 | T85: 277 | AX85: =(F85*G$2)+(H85*I$2)+(J85*K$2)+(L85*M$2)+(N85*O$2)+(P85*Q$2)+(R85*S$2)+(T85*U$2)+(V85*W$2)+(X85*Y$2)+(Z85*AA$2)+(AB85*AC$2)+(AN85*AO$2)+(AP85*AQ$2)+(AR85*AS$2)+(AT85*AU$2)+(AV85*AW$2)+(AD85*AE$2)+(AF85*AG$2)+(AH85*AI$2)+(AJ85*$AK$2) -> 7117.42 | AY85: =sum(F85:AK85) + sum(AN85:AW85) -> 578 | AZ85: =0 -> 0 | BA85: =AY85 -> 578 | BB85: =iferror(AX85/BA85,"") -> 12.313875
A86: Sun | B86: =B85+1 -> 45739 | C86: 3 | D86: Week 4 | F86: 35 | H86: 25 | R86: 243 | T86: 216 | AX86: =(F86*G$2)+(H86*I$2)+(J86*K$2)+(L86*M$2)+(N86*O$2)+(P86*Q$2)+(R86*S$2)+(T86*U$2)+(V86*W$2)+(X86*Y$2)+(Z86*AA$2)+(AB86*AC$2)+(AN86*AO$2)+(AP86*AQ$2)+(AR86*AS$2)+(AT86*AU$2)+(AV86*AW$2)+(AD86*AE$2)+(AF86*AG$2)+(AH86*AI$2)+(AJ86*$AK$2) -> 6439.08 | AY86: =sum(F86:AK86) + sum(AN86:AW86) -> 519 | AZ86: =0 -> 0 | BA86: =AY86 -> 519 | BB86: =iferror(AX86/BA86,"") -> 12.406705
A87: Mon | B87: =B86+1 -> 45740 | C87: 4 | D87: Week 1 | R87: 76 | T87: 70 | AX87: =(F87*G$2)+(H87*I$2)+(J87*K$2)+(L87*M$2)+(N87*O$2)+(P87*Q$2)+(R87*S$2)+(T87*U$2)+(V87*W$2)+(X87*Y$2)+(Z87*AA$2)+(AB87*AC$2)+(AN87*AO$2)+(AP87*AQ$2)+(AR87*AS$2)+(AT87*AU$2)+(AV87*AW$2)+(AD87*AE$2)+(AF87*AG$2)+(AH87*AI$2)+(AJ87*$AK$2) -> 1623.52 | AY87: =sum(F87:AK87) + sum(AN87:AW87) -> 146 | AZ87: =0 -> 0 | BA87: =AY87 -> 146 | BB87: =iferror(AX87/BA87,"") -> 11.12
A88: Tue | B88: =B87+1 -> 45741 | C88: 4 | D88: Week 1 | R88: 222 | T88: 230 | AX88: =(F88*G$2)+(H88*I$2)+(J88*K$2)+(L88*M$2)+(N88*O$2)+(P88*Q$2)+(R88*S$2)+(T88*U$2)+(V88*W$2)+(X88*Y$2)+(Z88*AA$2)+(AB88*AC$2)+(AN88*AO$2)+(AP88*AQ$2)+(AR88*AS$2)+(AT88*AU$2)+(AV88*AW$2)+(AD88*AE$2)+(AF88*AG$2)+(AH88*AI$2)+(AJ88*$AK$2) -> 5026.24 | AY88: =sum(F88:AK88) + sum(AN88:AW88) -> 452 | AZ88: =0 -> 0 | BA88: =AY88 -> 452 | BB88: =iferror(AX88/BA88,"") -> 11.12
A89: Wed | B89: =B88+1 -> 45742 | C89: 4 | D89: Week 1 | R89: 240 | T89: 257 | AX89: =(F89*G$2)+(H89*I$2)+(J89*K$2)+(L89*M$2)+(N89*O$2)+(P89*Q$2)+(R89*S$2)+(T89*U$2)+(V89*W$2)+(X89*Y$2)+(Z89*AA$2)+(AB89*AC$2)+(AN89*AO$2)+(AP89*AQ$2)+(AR89*AS$2)+(AT89*AU$2)+(AV89*AW$2)+(AD89*AE$2)+(AF89*AG$2)+(AH89*AI$2)+(AJ89*$AK$2) -> 5526.64 | AY89: =sum(F89:AK89) + sum(AN89:AW89) -> 497 | AZ89: =0 -> 0 | BA89: =AY89 -> 497 | BB89: =iferror(AX89/BA89,"") -> 11.12
A90: Thurs | B90: =B89+1 -> 45743 | C90: 4 | D90: Week 1 | R90: 242 | T90: 233 | AX90: =(F90*G$2)+(H90*I$2)+(J90*K$2)+(L90*M$2)+(N90*O$2)+(P90*Q$2)+(R90*S$2)+(T90*U$2)+(V90*W$2)+(X90*Y$2)+(Z90*AA$2)+(AB90*AC$2)+(AN90*AO$2)+(AP90*AQ$2)+(AR90*AS$2)+(AT90*AU$2)+(AV90*AW$2)+(AD90*AE$2)+(AF90*AG$2)+(AH90*AI$2)+(AJ90*$AK$2) -> 5282 | AY90: =sum(F90:AK90) + sum(AN90:AW90) -> 475 | AZ90: =0 -> 0 | BA90: =AY90 -> 475 | BB90: =iferror(AX90/BA90,"") -> 11.12
A91: Fri | B91: =B90+1 -> 45744 | C91: 4 | D91: Week 1 | R91: 217 | T91: 242 | AX91: =(F91*G$2)+(H91*I$2)+(J91*K$2)+(L91*M$2)+(N91*O$2)+(P91*Q$2)+(R91*S$2)+(T91*U$2)+(V91*W$2)+(X91*Y$2)+(Z91*AA$2)+(AB91*AC$2)+(AN91*AO$2)+(AP91*AQ$2)+(AR91*AS$2)+(AT91*AU$2)+(AV91*AW$2)+(AD91*AE$2)+(AF91*AG$2)+(AH91*AI$2)+(AJ91*$AK$2) -> 5104.08 | AY91: =sum(F91:AK91) + sum(AN91:AW91) -> 459 | AZ91: =0 -> 0 | BA91: =AY91 -> 459 | BB91: =iferror(AX91/BA91,"") -> 11.12
A92: Sat | B92: =B91+1 -> 45745 | C92: 4 | D92: Week 1 | R92: 191 | T92: 150 | AX92: =(F92*G$2)+(H92*I$2)+(J92*K$2)+(L92*M$2)+(N92*O$2)+(P92*Q$2)+(R92*S$2)+(T92*U$2)+(V92*W$2)+(X92*Y$2)+(Z92*AA$2)+(AB92*AC$2)+(AN92*AO$2)+(AP92*AQ$2)+(AR92*AS$2)+(AT92*AU$2)+(AV92*AW$2)+(AD92*AE$2)+(AF92*AG$2)+(AH92*AI$2)+(AJ92*$AK$2) -> 3791.92 | AY92: =sum(F92:AK92) + sum(AN92:AW92) -> 341 | AZ92: =0 -> 0 | BA92: =AY92 -> 341 | BB92: =iferror(AX92/BA92,"") -> 11.12
A93: Sun | B93: =B92+1 -> 45746 | C93: 4 | D93: Week 1 | R93: 151 | T93: 150 | AX93: =(F93*G$2)+(H93*I$2)+(J93*K$2)+(L93*M$2)+(N93*O$2)+(P93*Q$2)+(R93*S$2)+(T93*U$2)+(V93*W$2)+(X93*Y$2)+(Z93*AA$2)+(AB93*AC$2)+(AN93*AO$2)+(AP93*AQ$2)+(AR93*AS$2)+(AT93*AU$2)+(AV93*AW$2)+(AD93*AE$2)+(AF93*AG$2)+(AH93*AI$2)+(AJ93*$AK$2) -> 3347.12 | AY93: =sum(F93:AK93) + sum(AN93:AW93) -> 301 | AZ93: =0 -> 0 | BA93: =AY93 -> 301 | BB93: =iferror(AX93/BA93,"") -> 11.12
A94: Mon | B94: =B93+1 -> 45747 | C94: 4 | D94: Week 2 | R94: 151 | T94: 150 | AX94: =(F94*G$2)+(H94*I$2)+(J94*K$2)+(L94*M$2)+(N94*O$2)+(P94*Q$2)+(R94*S$2)+(T94*U$2)+(V94*W$2)+(X94*Y$2)+(Z94*AA$2)+(AB94*AC$2)+(AN94*AO$2)+(AP94*AQ$2)+(AR94*AS$2)+(AT94*AU$2)+(AV94*AW$2)+(AD94*AE$2)+(AF94*AG$2)+(AH94*AI$2)+(AJ94*$AK$2) -> 3347.12 | AY94: =sum(F94:AK94) + sum(AN94:AW94) -> 301 | AZ94: =0 -> 0 | BA94: =AY94 -> 301 | BB94: =iferror(AX94/BA94,"") -> 11.12
A95: Tue | B95: =B94+1 -> 45748 | C95: 4 | D95: Week 2 | R95: 125 | T95: 130 | AX95: =(F95*G$2)+(H95*I$2)+(J95*K$2)+(L95*M$2)+(N95*O$2)+(P95*Q$2)+(R95*S$2)+(T95*U$2)+(V95*W$2)+(X95*Y$2)+(Z95*AA$2)+(AB95*AC$2)+(AN95*AO$2)+(AP95*AQ$2)+(AR95*AS$2)+(AT95*AU$2)+(AV95*AW$2)+(AD95*AE$2)+(AF95*AG$2)+(AH95*AI$2)+(AJ95*$AK$2) -> 2835.6 | AY95: =sum(F95:AK95) + sum(AN95:AW95) -> 255 | AZ95: =0 -> 0 | BA95: =AY95 -> 255 | BB95: =iferror(AX95/BA95,"") -> 11.12
A96: Wed | B96: =B95+1 -> 45749 | C96: 4 | D96: Week 2 | R96: 115 | T96: 131 | AX96: =(F96*G$2)+(H96*I$2)+(J96*K$2)+(L96*M$2)+(N96*O$2)+(P96*Q$2)+(R96*S$2)+(T96*U$2)+(V96*W$2)+(X96*Y$2)+(Z96*AA$2)+(AB96*AC$2)+(AN96*AO$2)+(AP96*AQ$2)+(AR96*AS$2)+(AT96*AU$2)+(AV96*AW$2)+(AD96*AE$2)+(AF96*AG$2)+(AH96*AI$2)+(AJ96*$AK$2) -> 2735.52 | AY96: =sum(F96:AK96) + sum(AN96:AW96) -> 246 | AZ96: =0 -> 0 | BA96: =AY96 -> 246 | BB96: =iferror(AX96/BA96,"") -> 11.12
A97: Thurs | B97: =B96+1 -> 45750 | C97: 4 | D97: Week 2 | R97: 103 | T97: 136 | AX97: =(F97*G$2)+(H97*I$2)+(J97*K$2)+(L97*M$2)+(N97*O$2)+(P97*Q$2)+(R97*S$2)+(T97*U$2)+(V97*W$2)+(X97*Y$2)+(Z97*AA$2)+(AB97*AC$2)+(AN97*AO$2)+(AP97*AQ$2)+(AR97*AS$2)+(AT97*AU$2)+(AV97*AW$2)+(AD97*AE$2)+(AF97*AG$2)+(AH97*AI$2)+(AJ97*$AK$2) -> 2657.68 | AY97: =sum(F97:AK97) + sum(AN97:AW97) -> 239 | AZ97: =0 -> 0 | BA97: =AY97 -> 239 | BB97: =iferror(AX97/BA97,"") -> 11.12
A98: Fri | B98: =B97+1 -> 45751 | C98: 4 | D98: Week 2 | R98: 59 | T98: 68 | AX98: =(F98*G$2)+(H98*I$2)+(J98*K$2)+(L98*M$2)+(N98*O$2)+(P98*Q$2)+(R98*S$2)+(T98*U$2)+(V98*W$2)+(X98*Y$2)+(Z98*AA$2)+(AB98*AC$2)+(AN98*AO$2)+(AP98*AQ$2)+(AR98*AS$2)+(AT98*AU$2)+(AV98*AW$2)+(AD98*AE$2)+(AF98*AG$2)+(AH98*AI$2)+(AJ98*$AK$2) -> 1412.24 | AY98: =sum(F98:AK98) + sum(AN98:AW98) -> 127 | AZ98: =0 -> 0 | BA98: =AY98 -> 127 | BB98: =iferror(AX98/BA98,"") -> 11.12
... A307: Thurs | B307: =B306+1 -> 45960 | C307: 11 | D307: Week 4 | R307: 117 | T307: 122 | AX307: =(F307*G$2)+(H307*I$2)+(J307*K$2)+(L307*M$2)+(N307*O$2)+(P307*Q$2)+(R307*S$2)+(T307*U$2)+(V307*W$2)+(X307*Y$2)+(Z307*AA$2)+(AB307*AC$2)+(AN307*AO$2)+(AP307*AQ$2)+(AR307*AS$2)+(AT307*AU$2)+(AV307*AW$2)+(AD307*AE$2)+(AF307*AG$2)+(AH307*AI$2)+(AJ307*$AK$2) -> 2657.68 | AY307: =sum(F307:AK307) + sum(AN307:AW307) -> 239 | AZ307: =0 -> 0 | BA307: =AY307 -> 239 | BB307: =iferror(AX307/BA307,"") -> 11.12
A308: Fri | B308: =B307+1 -> 45961 | C308: 11 | D308: Week 4 | AX308: =(F308*G$2)+(H308*I$2)+(J308*K$2)+(L308*M$2)+(N308*O$2)+(P308*Q$2)+(R308*S$2)+(T308*U$2)+(V308*W$2)+(X308*Y$2)+(Z308*AA$2)+(AB308*AC$2)+(AN308*AO$2)+(AP308*AQ$2)+(AR308*AS$2)+(AT308*AU$2)+(AV308*AW$2)+(AD308*AE$2)+(AF308*AG$2)+(AH308*AI$2)+(AJ308*$AK$2) -> 0 | AY308: =sum(F308:AK308) + sum(AN308:AW308) -> 0 | AZ308: =0 -> 0 | BA308: =AY308 -> 0 | BB308: =iferror(AX308/BA308,"")
...

Sheet Minor Summary
A1: Customer Name | B1: Week Number | C1: Date | D1: Rate | E1: Breakfast -Mi | F1: Lunch -Mi | G1: Dinner - Mi | H1: Florida Ops | J1: Qty | K1: Total | L1: Memo | M1: QB Item | N1: Invoice Date | O1: Ready
A2: =if(B2<>"","Rogers Blue Jays Baseball Partnership","") -> Rogers Blue Jays Baseball Partnership | B2: =if(and('Actuals - Billing - 2025'!E$240=True,C2<>""),'Actuals - Billing - 2025'!C234,"") -> 9.2 | C2: =IF(and('Actuals - Billing - 2025'!E$240=True,sum('Actuals - Billing - 2025'!T234:Y234)>0),'Actuals - Billing - 2025'!B234,"") -> 45887 | D2: =if(and(sum('Actuals - Billing - 2025'!T234:Y234)>0,C2<>""),'Actuals - Billing - 2025'!$U$2,"") -> 11.12 | E2: {=if($D2="","",index('Actuals - Billing - 2025'!$B2:$AE900,Match($C2,'Actuals - Billing - 2025'!$B2:$B900,0),Match(E$1,'Actuals - Billing - 2025'!$B$2:$AE$2,0)))} -> 150 | F2: {=if($D2="","",index('Actuals - Billing - 2025'!$B2:$AE900,Match($C2,'Actuals - Billing - 2025'!$B2:$B900,0),Match(F$1,'Actuals - Billing - 2025'!$B$2:$AE$2,0)))} -> 150 | G2: {=if($D2="","",index('Actuals - Billing - 2025'!$B2:$AE900,Match($C2,'Actuals - Billing - 2025'!$B2:$B900,0),Match(G$1,'Actuals - Billing - 2025'!$B$2:$AE$2,0)))} | H2: {=if($D2="","",index('Actuals - Billing - 2025'!$B2:$AE900,Match($C2,'Actuals - Billing - 2025'!$B2:$B900,0),Match(H$1,'Actuals - Billing - 2025'!$B$2:$AE$2,0)))} | J2: =sum(E2:I2) -> 300 | K2: =J2*D2 -> 3336 | L2: =if(E2>0,$E$1&" "&E2,"")&IF(F2>0," "&$F$1&" "&F2,"")&IF(G2>0," "&$G$1&" "&G2,"")&If(H2>0," "&#REF!&" "&H2,"")&if(I2>0," "&#REF!&" "&I2,"") -> Breakfast -Mi 150 Lunch -Mi 150 | M2: TBJ MiLB - Breakfast/Lunch/Dinner
A3: =if(B3<>"","Rogers Blue Jays Baseball Partnership","") -> Rogers Blue Jays Baseball Partnership | B3: =if(and('Actuals - Billing - 2025'!E$240=True,C3<>""),'Actuals - Billing - 2025'!C235,"") -> 9.2 | C3: =IF(and('Actuals - Billing - 2025'!E$240=True,sum('Actuals - Billing - 2025'!T235:Y235)>0),'Actuals - Billing - 2025'!B235,"") -> 45888 | D3: =if(and(sum('Actuals - Billing - 2025'!T235:Y235)>0,C3<>""),'Actuals - Billing - 2025'!$U$2,"") -> 11.12 | E3: {=if($D3="","",index('Actuals - Billing - 2025'!$B3:$AE901,Match($C3,'Actuals - Billing - 2025'!$B3:$B901,0),Match(E$1,'Actuals - Billing - 2025'!$B$2:$AE$2,0)))} -> 150 | F3: {=if($D3="","",index('Actuals - Billing - 2025'!$B3:$AE901,Match($C3,'Actuals - Billing - 2025'!$B3:$B901,0),Match(F$1,'Actuals - Billing - 2025'!$B$2:$AE$2,0)))} -> 105 | G3: {=if($D3="","",index('Actuals - Billing - 2025'!$B3:$AE901,Match($C3,'Actuals - Billing - 2025'!$B3:$B901,0),Match(G$1,'Actuals - Billing - 2025'!$B$2:$AE$2,0)))} | H3: {=if($D3="","",index('Actuals - Billing - 2025'!$B3:$AE901,Match($C3,'Actuals - Billing - 2025'!$B3:$B901,0),Match(H$1,'Actuals - Billing - 2025'!$B$2:$AE$2,0)))} | J3: =sum(E3:I3) -> 255 | K3: =J3*D3 -> 2835.6 | L3: =if(E3>0,$E$1&" "&E3,"")&IF(F3>0," "&$F$1&" "&F3,"")&IF(G3>0," "&$G$1&" "&G3,"")&If(H3>0," "&#REF!&" "&H3,"")&if(I3>0," "&#REF!&" "&I3,"") -> Breakfast -Mi 150 Lunch -Mi 105 | M3: TBJ MiLB - Breakfast/Lunch/Dinner
A4: =if(B4<>"","Rogers Blue Jays Baseball Partnership","") -> Rogers Blue Jays Baseball Partnership | B4: =if(and('Actuals - Billing - 2025'!E$240=True,C4<>""),'Actuals - Billing - 2025'!C236,"") -> 9.2 | C4: =IF(and('Actuals - Billing - 2025'!E$240=True,sum('Actuals - Billing - 2025'!T236:Y236)>0),'Actuals - Billing - 2025'!B236,"") -> 45889 | D4: =if(and(sum('Actuals - Billing - 2025'!T236:Y236)>0,C4<>""),'Actuals - Billing - 2025'!$U$2,"") -> 11.12 | E4: {=if($D4="","",index('Actuals - Billing - 2025'!$B4:$AE902,Match($C4,'Actuals - Billing - 2025'!$B4:$B902,0),Match(E$1,'Actuals - Billing - 2025'!$B$2:$AE$2,0)))} -> 150 | F4: {=if($D4="","",index('Actuals - Billing - 2025'!$B4:$AE902,Match($C4,'Actuals - Billing - 2025'!$B4:$B902,0),Match(F$1,'Actuals - Billing - 2025'!$B$2:$AE$2,0)))} -> 150 | G4: {=if($D4="","",index('Actuals - Billing - 2025'!$B4:$AE902,Match($C4,'Actuals - Billing - 2025'!$B4:$B902,0),Match(G$1,'Actuals - Billing - 2025'!$B$2:$AE$2,0)))} | H4: {=if($D4="","",index('Actuals - Billing - 2025'!$B4:$AE902,Match($C4,'Actuals - Billing - 2025'!$B4:$B902,0),Match(H$1,'Actuals - Billing - 2025'!$B$2:$AE$2,0)))} | J4: =sum(E4:I4) -> 300 | K4: =J4*D4 -> 3336 | L4: =if(E4>0,$E$1&" "&E4,"")&IF(F4>0," "&$F$1&" "&F4,"")&IF(G4>0," "&$G$1&" "&G4,"")&If(H4>0," "&#REF!&" "&H4,"")&if(I4>0," "&#REF!&" "&I4,"") -> Breakfast -Mi 150 Lunch -Mi 150 | M4: TBJ MiLB - Breakfast/Lunch/Dinner
A5: =if(B5<>"","Rogers Blue Jays Baseball Partnership","") -> Rogers Blue Jays Baseball Partnership | B5: =if(and('Actuals - Billing - 2025'!E$240=True,C5<>""),'Actuals - Billing - 2025'!C237,"") -> 9.2 | C5: =IF(and('Actuals - Billing - 2025'!E$240=True,sum('Actuals - Billing - 2025'!T237:Y237)>0),'Actuals - Billing - 2025'!B237,"") -> 45890 | D5: =if(and(sum('Actuals - Billing - 2025'!T237:Y237)>0,C5<>""),'Actuals - Billing - 2025'!$U$2,"") -> 11.12 | E5: {=if($D5="","",index('Actuals - Billing - 2025'!$B5:$AE903,Match($C5,'Actuals - Billing - 2025'!$B5:$B903,0),Match(E$1,'Actuals - Billing - 2025'!$B$2:$AE$2,0)))} -> 150 | F5: {=if($D5="","",index('Actuals - Billing - 2025'!$B5:$AE903,Match($C5,'Actuals - Billing - 2025'!$B5:$B903,0),Match(F$1,'Actuals - Billing - 2025'!$B$2:$AE$2,0)))} -> 150 | G5: {=if($D5="","",index('Actuals - Billing - 2025'!$B5:$AE903,Match($C5,'Actuals - Billing - 2025'!$B5:$B903,0),Match(G$1,'Actuals - Billing - 2025'!$B$2:$AE$2,0)))} | H5: {=if($D5="","",index('Actuals - Billing - 2025'!$B5:$AE903,Match($C5,'Actuals - Billing - 2025'!$B5:$B903,0),Match(H$1,'Actuals - Billing - 2025'!$B$2:$AE$2,0)))} | J5: =sum(E5:I5) -> 300 | K5: =J5*D5 -> 3336 | L5: =if(E5>0,$E$1&" "&E5,"")&IF(F5>0," "&$F$1&" "&F5,"")&IF(G5>0," "&$G$1&" "&G5,"")&If(H5>0," "&#REF!&" "&H5,"")&if(I5>0," "&#REF!&" "&I5,"") -> Breakfast -Mi 150 Lunch -Mi 150 | M5: TBJ MiLB - Breakfast/Lunch/Dinner
A6: =if(B6<>"","Rogers Blue Jays Baseball Partnership","") -> Rogers Blue Jays Baseball Partnership | B6: =if(and('Actuals - Billing - 2025'!E$240=True,C6<>""),'Actuals - Billing - 2025'!C238,"") -> 9.2 | C6: =IF(and('Actuals - Billing - 2025'!E$240=True,sum('Actuals - Billing - 2025'!T238:Y238)>0),'Actuals - Billing - 2025'!B238,"") -> 45891 | D6: =if(and(sum('Actuals - Billing - 2025'!T238:Y238)>0,C6<>""),'Actuals - Billing - 2025'!$U$2,"") -> 11.12 | E6: {=if($D6="","",index('Actuals - Billing - 2025'!$B6:$AE904,Match($C6,'Actuals - Billing - 2025'!$B6:$B904,0),Match(E$1,'Actuals - Billing - 2025'!$B$2:$AE$2,0)))} -> 160 | F6: {=if($D6="","",index('Actuals - Billing - 2025'!$B6:$AE904,Match($C6,'Actuals - Billing - 2025'!$B6:$B904,0),Match(F$1,'Actuals - Billing - 2025'!$B$2:$AE$2,0)))} -> 160 | G6: {=if($D6="","",index('Actuals - Billing - 2025'!$B6:$AE904,Match($C6,'Actuals - Billing - 2025'!$B6:$B904,0),Match(G$1,'Actuals - Billing - 2025'!$B$2:$AE$2,0)))} | H6: {=if($D6="","",index('Actuals - Billing - 2025'!$B6:$AE904,Match($C6,'Actuals - Billing - 2025'!$B6:$B904,0),Match(H$1,'Actuals - Billing - 2025'!$B$2:$AE$2,0)))} | J6: =sum(E6:I6) -> 320 | K6: =J6*D6 -> 3558.4 | L6: =if(E6>0,$E$1&" "&E6,"")&IF(F6>0," "&$F$1&" "&F6,"")&IF(G6>0," "&$G$1&" "&G6,"")&If(H6>0," "&#REF!&" "&H6,"")&if(I6>0," "&#REF!&" "&I6,"") -> Breakfast -Mi 160 Lunch -Mi 160 | M6: TBJ MiLB - Breakfast/Lunch/Dinner
A7: =if(B7<>"","Rogers Blue Jays Baseball Partnership","") -> Rogers Blue Jays Baseball Partnership | B7: =if(and('Actuals - Billing - 2025'!E$240=True,C7<>""),'Actuals - Billing - 2025'!C239,"") -> 9.2 | C7: =IF(and('Actuals - Billing - 2025'!E$240=True,sum('Actuals - Billing - 2025'!T239:Y239)>0),'Actuals - Billing - 2025'!B239,"") -> 45892 | D7: =if(and(sum('Actuals - Billing - 2025'!T239:Y239)>0,C7<>""),'Actuals - Billing - 2025'!$U$2,"") -> 11.12 | E7: {=if($D7="","",index('Actuals - Billing - 2025'!$B7:$AE905,Match($C7,'Actuals - Billing - 2025'!$B7:$B905,0),Match(E$1,'Actuals - Billing - 2025'!$B$2:$AE$2,0)))} -> 150 | F7: {=if($D7="","",index('Actuals - Billing - 2025'!$B7:$AE905,Match($C7,'Actuals - Billing - 2025'!$B7:$B905,0),Match(F$1,'Actuals - Billing - 2025'!$B$2:$AE$2,0)))} -> 150 | G7: {=if($D7="","",index('Actuals - Billing - 2025'!$B7:$AE905,Match($C7,'Actuals - Billing - 2025'!$B7:$B905,0),Match(G$1,'Actuals - Billing - 2025'!$B$2:$AE$2,0)))} | H7: {=if($D7="","",index('Actuals - Billing - 2025'!$B7:$AE905,Match($C7,'Actuals - Billing - 2025'!$B7:$B905,0),Match(H$1,'Actuals - Billing - 2025'!$B$2:$AE$2,0)))} | J7: =sum(E7:I7) -> 300 | K7: =J7*D7 -> 3336 | L7: =if(E7>0,$E$1&" "&E7,"")&IF(F7>0," "&$F$1&" "&F7,"")&IF(G7>0," "&$G$1&" "&G7,"")&If(H7>0," "&#REF!&" "&H7,"")&if(I7>0," "&#REF!&" "&I7,"") -> Breakfast -Mi 150 Lunch -Mi 150 | M7: TBJ MiLB - Breakfast/Lunch/Dinner
A8: =if(B8<>"","Rogers Blue Jays Baseball Partnership","") | B8: =if(and('Actuals - Billing - 2025'!E$240=True,C8<>""),'Actuals - Billing - 2025'!C240,"") | C8: =IF(and('Actuals - Billing - 2025'!E$240=True,sum('Actuals - Billing - 2025'!T240:Y240)>0),'Actuals - Billing - 2025'!B240,"") | D8: =if(and(sum('Actuals - Billing - 2025'!T240:Y240)>0,C8<>""),'Actuals - Billing - 2025'!$U$2,"") | E8: {=if($D8="","",index('Actuals - Billing - 2025'!$B8:$AE906,Match($C8,'Actuals - Billing - 2025'!$B8:$B906,0),Match(E$1,'Actuals - Billing - 2025'!$B$2:$AE$2,0)))} | F8: {=if($D8="","",index('Actuals - Billing - 2025'!$B8:$AE906,Match($C8,'Actuals - Billing - 2025'!$B8:$B906,0),Match(F$1,'Actuals - Billing - 2025'!$B$2:$AE$2,0)))} | G8: {=if($D8="","",index('Actuals - Billing - 2025'!$B8:$AE906,Match($C8,'Actuals - Billing - 2025'!$B8:$B906,0),Match(G$1,'Actuals - Billing - 2025'!$B$2:$AE$2,0)))} | H8: {=if($D8="","",index('Actuals - Billing - 2025'!$B8:$AE906,Match($C8,'Actuals - Billing - 2025'!$B8:$B906,0),Match(H$1,'Actuals - Billing - 2025'!$B$2:$AE$2,0)))} | J8: =if(sum(E8:I8)>0,sum(E8:I8),"") | K8: =if(J8<>"",J8*D8,"") | L8: =iferror(if(E8>0,$E$1&" "&E8,"")&IF(F8>0," "&$F$1&" "&F8,"")&IF(G8>0," "&$G$1&" "&G8,"")&If(H8>0," "&#REF!&" "&H8,"")&if(I8>0," "&#REF!&" "&I8,""),"") | M8: =if(B8<>"","TBJ MiLB - Breakfast/Lunch/Dinner","")
A9: =if(B9<>"","Rogers Blue Jays Baseball Partnership","") | B9: =if(and('Actuals - Billing - 2025'!E$247=True,C9<>""),'Actuals - Billing - 2025'!C241,"") | C9: =IF(and('Actuals - Billing - 2025'!E$247=True,sum('Actuals - Billing - 2025'!T241:Y241)>0),'Actuals - Billing - 2025'!B241,"") | D9: =if(and(sum('Actuals - Billing - 2025'!T241:Y241)>0,C9<>""),'Actuals - Billing - 2025'!$U$2,"") | E9: {=if($D9="","",index('Actuals - Billing - 2025'!$B9:$AE907,Match($C9,'Actuals - Billing - 2025'!$B9:$B907,0),Match(E$1,'Actuals - Billing - 2025'!$B$2:$AE$2,0)))} | F9: {=if($D9="","",index('Actuals - Billing - 2025'!$B9:$AE907,Match($C9,'Actuals - Billing - 2025'!$B9:$B907,0),Match(F$1,'Actuals - Billing - 2025'!$B$2:$AE$2,0)))} | G9: {=if($D9="","",index('Actuals - Billing - 2025'!$B9:$AE907,Match($C9,'Actuals - Billing - 2025'!$B9:$B907,0),Match(G$1,'Actuals - Billing - 2025'!$B$2:$AE$2,0)))} | H9: {=if($D9="","",index('Actuals - Billing - 2025'!$B9:$AE907,Match($C9,'Actuals - Billing - 2025'!$B9:$B907,0),Match(H$1,'Actuals - Billing - 2025'!$B$2:$AE$2,0)))} | J9: =if(sum(E9:I9)>0,sum(E9:I9),"") | K9: =if(J9<>"",J9*D9,"") | L9: =iferror(if(E9>0,$E$1&" "&E9,"")&IF(F9>0," "&$F$1&" "&F9,"")&IF(G9>0," "&$G$1&" "&G9,"")&If(H9>0," "&#REF!&" "&H9,"")&if(I9>0," "&#REF!&" "&I9,""),"") | M9: =if(B9<>"","TBJ MiLB - Breakfast/Lunch/Dinner","")
A10: =if(B10<>"","Rogers Blue Jays Baseball Partnership","") | B10: =if(and('Actuals - Billing - 2025'!E$247=True,C10<>""),'Actuals - Billing - 2025'!C242,"") | C10: =IF(and('Actuals - Billing - 2025'!E$247=True,sum('Actuals - Billing - 2025'!T242:Y242)>0),'Actuals - Billing - 2025'!B242,"") | D10: =if(and(sum('Actuals - Billing - 2025'!T242:Y242)>0,C10<>""),'Actuals - Billing - 2025'!$U$2,"") | E10: {=if($D10="","",index('Actuals - Billing - 2025'!$B10:$AE908,Match($C10,'Actuals - Billing - 2025'!$B10:$B908,0),Match(E$1,'Actuals - Billing - 2025'!$B$2:$AE$2,0)))} | F10: {=if($D10="","",index('Actuals - Billing - 2025'!$B10:$AE908,Match($C10,'Actuals - Billing - 2025'!$B10:$B908,0),Match(F$1,'Actuals - Billing - 2025'!$B$2:$AE$2,0)))} | G10: {=if($D10="","",index('Actuals - Billing - 2025'!$B10:$AE908,Match($C10,'Actuals - Billing - 2025'!$B10:$B908,0),Match(G$1,'Actuals - Billing - 2025'!$B$2:$AE$2,0)))} | H10: {=if($D10="","",index('Actuals - Billing - 2025'!$B10:$AE908,Match($C10,'Actuals - Billing - 2025'!$B10:$B908,0),Match(H$1,'Actuals - Billing - 2025'!$B$2:$AE$2,0)))} | J10: =if(sum(E10:I10)>0,sum(E10:I10),"") | K10: =if(J10<>"",J10*D10,"") | L10: =iferror(if(E10>0,$E$1&" "&E10,"")&IF(F10>0," "&$F$1&" "&F10,"")&IF(G10>0," "&$G$1&" "&G10,"")&If(H10>0," "&#REF!&" "&H10,"")&if(I10>0," "&#REF!&" "&I10,""),"") | M10: =if(B10<>"","TBJ MiLB - Breakfast/Lunch/Dinner","")
A11: =if(B11<>"","Rogers Blue Jays Baseball Partnership","") | B11: =if(and('Actuals - Billing - 2025'!E$247=True,C11<>""),'Actuals - Billing - 2025'!C243,"") | C11: =IF(and('Actuals - Billing - 2025'!E$247=True,sum('Actuals - Billing - 2025'!T243:Y243)>0),'Actuals - Billing - 2025'!B243,"") | D11: =if(and(sum('Actuals - Billing - 2025'!T243:Y243)>0,C11<>""),'Actuals - Billing - 2025'!$U$2,"") | E11: {=if($D11="","",index('Actuals - Billing - 2025'!$B11:$AE909,Match($C11,'Actuals - Billing - 2025'!$B11:$B909,0),Match(E$1,'Actuals - Billing - 2025'!$B$2:$AE$2,0)))} | F11: {=if($D11="","",index('Actuals - Billing - 2025'!$B11:$AE909,Match($C11,'Actuals - Billing - 2025'!$B11:$B909,0),Match(F$1,'Actuals - Billing - 2025'!$B$2:$AE$2,0)))} | G11: {=if($D11="","",index('Actuals - Billing - 2025'!$B11:$AE909,Match($C11,'Actuals - Billing - 2025'!$B11:$B909,0),Match(G$1,'Actuals - Billing - 2025'!$B$2:$AE$2,0)))} | H11: {=if($D11="","",index('Actuals - Billing - 2025'!$B11:$AE909,Match($C11,'Actuals - Billing - 2025'!$B11:$B909,0),Match(H$1,'Actuals - Billing - 2025'!$B$2:$AE$2,0)))} | J11: =if(sum(E11:I11)>0,sum(E11:I11),"") | K11: =if(J11<>"",J11*D11,"") | L11: =iferror(if(E11>0,$E$1&" "&E11,"")&IF(F11>0," "&$F$1&" "&F11,"")&IF(G11>0," "&$G$1&" "&G11,"")&If(H11>0," "&#REF!&" "&H11,"")&if(I11>0," "&#REF!&" "&I11,""),"") | M11: =if(B11<>"","TBJ MiLB - Breakfast/Lunch/Dinner","")
A12: =if(B12<>"","Rogers Blue Jays Baseball Partnership","") | B12: =if(and('Actuals - Billing - 2025'!E$247=True,C12<>""),'Actuals - Billing - 2025'!C244,"") | C12: =IF(and('Actuals - Billing - 2025'!E$247=True,sum('Actuals - Billing - 2025'!T244:Y244)>0),'Actuals - Billing - 2025'!B244,"") | D12: =if(and(sum('Actuals - Billing - 2025'!T244:Y244)>0,C12<>""),'Actuals - Billing - 2025'!$U$2,"") | E12: {=if($D12="","",index('Actuals - Billing - 2025'!$B12:$AE910,Match($C12,'Actuals - Billing - 2025'!$B12:$B910,0),Match(E$1,'Actuals - Billing - 2025'!$B$2:$AE$2,0)))} | F12: {=if($D12="","",index('Actuals - Billing - 2025'!$B12:$AE910,Match($C12,'Actuals - Billing - 2025'!$B12:$B910,0),Match(F$1,'Actuals - Billing - 2025'!$B$2:$AE$2,0)))} | G12: {=if($D12="","",index('Actuals - Billing - 2025'!$B12:$AE910,Match($C12,'Actuals - Billing - 2025'!$B12:$B910,0),Match(G$1,'Actuals - Billing - 2025'!$B$2:$AE$2,0)))} | H12: {=if($D12="","",index('Actuals - Billing - 2025'!$B12:$AE910,Match($C12,'Actuals - Billing - 2025'!$B12:$B910,0),Match(H$1,'Actuals - Billing - 2025'!$B$2:$AE$2,0)))} | J12: =if(sum(E12:I12)>0,sum(E12:I12),"") | K12: =if(J12<>"",J12*D12,"") | L12: =iferror(if(E12>0,$E$1&" "&E12,"")&IF(F12>0," "&$F$1&" "&F12,"")&IF(G12>0," "&$G$1&" "&G12,"")&If(H12>0," "&#REF!&" "&H12,"")&if(I12>0," "&#REF!&" "&I12,""),"") | M12: =if(B12<>"","TBJ MiLB - Breakfast/Lunch/Dinner","")
A13: =if(B13<>"","Rogers Blue Jays Baseball Partnership","") | B13: =if(and('Actuals - Billing - 2025'!E$247=True,C13<>""),'Actuals - Billing - 2025'!C245,"") | C13: =IF(and('Actuals - Billing - 2025'!E$247=True,sum('Actuals - Billing - 2025'!T245:Y245)>0),'Actuals - Billing - 2025'!B245,"") | D13: =if(and(sum('Actuals - Billing - 2025'!T245:Y245)>0,C13<>""),'Actuals - Billing - 2025'!$U$2,"") | E13: {=if($D13="","",index('Actuals - Billing - 2025'!$B13:$AE911,Match($C13,'Actuals - Billing - 2025'!$B13:$B911,0),Match(E$1,'Actuals - Billing - 2025'!$B$2:$AE$2,0)))} | F13: {=if($D13="","",index('Actuals - Billing - 2025'!$B13:$AE911,Match($C13,'Actuals - Billing - 2025'!$B13:$B911,0),Match(F$1,'Actuals - Billing - 2025'!$B$2:$AE$2,0)))} | G13: {=if($D13="","",index('Actuals - Billing - 2025'!$B13:$AE911,Match($C13,'Actuals - Billing - 2025'!$B13:$B911,0),Match(G$1,'Actuals - Billing - 2025'!$B$2:$AE$2,0)))} | H13: {=if($D13="","",index('Actuals - Billing - 2025'!$B13:$AE911,Match($C13,'Actuals - Billing - 2025'!$B13:$B911,0),Match(H$1,'Actuals - Billing - 2025'!$B$2:$AE$2,0)))} | J13: =if(sum(E13:I13)>0,sum(E13:I13),"") | K13: =if(J13<>"",J13*D13,"") | L13: =iferror(if(E13>0,$E$1&" "&E13,"")&IF(F13>0," "&$F$1&" "&F13,"")&IF(G13>0," "&$G$1&" "&G13,"")&If(H13>0," "&#REF!&" "&H13,"")&if(I13>0," "&#REF!&" "&I13,""),"") | M13: =if(B13<>"","TBJ MiLB - Breakfast/Lunch/Dinner","")
A14: =if(B14<>"","Rogers Blue Jays Baseball Partnership","") | B14: =if(and('Actuals - Billing - 2025'!E$247=True,C14<>""),'Actuals - Billing - 2025'!C246,"") | C14: =IF(and('Actuals - Billing - 2025'!E$247=True,sum('Actuals - Billing - 2025'!T246:Y246)>0),'Actuals - Billing - 2025'!B246,"") | D14: =if(and(sum('Actuals - Billing - 2025'!T246:Y246)>0,C14<>""),'Actuals - Billing - 2025'!$U$2,"") | E14: {=if($D14="","",index('Actuals - Billing - 2025'!$B14:$AE912,Match($C14,'Actuals - Billing - 2025'!$B14:$B912,0),Match(E$1,'Actuals - Billing - 2025'!$B$2:$AE$2,0)))} | F14: {=if($D14="","",index('Actuals - Billing - 2025'!$B14:$AE912,Match($C14,'Actuals - Billing - 2025'!$B14:$B912,0),Match(F$1,'Actuals - Billing - 2025'!$B$2:$AE$2,0)))} | G14: {=if($D14="","",index('Actuals - Billing - 2025'!$B14:$AE912,Match($C14,'Actuals - Billing - 2025'!$B14:$B912,0),Match(G$1,'Actuals - Billing - 2025'!$B$2:$AE$2,0)))} | H14: {=if($D14="","",index('Actuals - Billing - 2025'!$B14:$AE912,Match($C14,'Actuals - Billing - 2025'!$B14:$B912,0),Match(H$1,'Actuals - Billing - 2025'!$B$2:$AE$2,0)))} | J14: =if(sum(E14:I14)>0,sum(E14:I14),"") | K14: =if(J14<>"",J14*D14,"") | L14: =iferror(if(E14>0,$E$1&" "&E14,"")&IF(F14>0," "&$F$1&" "&F14,"")&IF(G14>0," "&$G$1&" "&G14,"")&If(H14>0," "&#REF!&" "&H14,"")&if(I14>0," "&#REF!&" "&I14,""),"") | M14: =if(B14<>"","TBJ MiLB - Breakfast/Lunch/Dinner","")
A15: =if(B15<>"","Rogers Blue Jays Baseball Partnership","") | B15: =if(and('Actuals - Billing - 2025'!E$247=True,C15<>""),'Actuals - Billing - 2025'!C247,"") | C15: =IF(and('Actuals - Billing - 2025'!E$247=True,sum('Actuals - Billing - 2025'!T247:Y247)>0),'Actuals - Billing - 2025'!B247,"") | D15: =if(and(sum('Actuals - Billing - 2025'!T247:Y247)>0,C15<>""),'Actuals - Billing - 2025'!$U$2,"") | E15: {=if($D15="","",index('Actuals - Billing - 2025'!$B15:$AE913,Match($C15,'Actuals - Billing - 2025'!$B15:$B913,0),Match(E$1,'Actuals - Billing - 2025'!$B$2:$AE$2,0)))} | F15: {=if($D15="","",index('Actuals - Billing - 2025'!$B15:$AE913,Match($C15,'Actuals - Billing - 2025'!$B15:$B913,0),Match(F$1,'Actuals - Billing - 2025'!$B$2:$AE$2,0)))} | G15: {=if($D15="","",index('Actuals - Billing - 2025'!$B15:$AE913,Match($C15,'Actuals - Billing - 2025'!$B15:$B913,0),Match(G$1,'Actuals - Billing - 2025'!$B$2:$AE$2,0)))} | H15: {=if($D15="","",index('Actuals - Billing - 2025'!$B15:$AE913,Match($C15,'Actuals - Billing - 2025'!$B15:$B913,0),Match(H$1,'Actuals - Billing - 2025'!$B$2:$AE$2,0)))} | J15: =if(sum(E15:I15)>0,sum(E15:I15),"") | K15: =if(J15<>"",J15*D15,"") | L15: =iferror(if(E15>0,$E$1&" "&E15,"")&IF(F15>0," "&$F$1&" "&F15,"")&IF(G15>0," "&$G$1&" "&G15,"")&If(H15>0," "&#REF!&" "&H15,"")&if(I15>0," "&#REF!&" "&I15,""),"") | M15: =if(B15<>"","TBJ MiLB - Breakfast/Lunch/Dinner","")
A16: =if(B16<>"","Rogers Blue Jays Baseball Partnership","") -> Rogers Blue Jays Baseball Partnership | B16: =if(and('Actuals - Billing - 2025'!E$254=True,C16<>""),'Actuals - Billing - 2025'!C248,"") -> 9.4 | C16: =IF(and('Actuals - Billing - 2025'!E$254=True,sum('Actuals - Billing - 2025'!T248:Y248)>0),'Actuals - Billing - 2025'!B248,"") -> 45901 | D16: =if(and(sum('Actuals - Billing - 2025'!T248:Y248)>0,C16<>""),'Actuals - Billing - 2025'!$U$2,"") -> 11.12 | E16: {=if($D16="","",index('Actuals - Billing - 2025'!$B16:$AE914,Match($C16,'Actuals - Billing - 2025'!$B16:$B914,0),Match(E$1,'Actuals - Billing - 2025'!$B$2:$AE$2,0)))} -> 150 | F16: {=if($D16="","",index('Actuals - Billing - 2025'!$B16:$AE914,Match($C16,'Actuals - Billing - 2025'!$B16:$B914,0),Match(F$1,'Actuals - Billing - 2025'!$B$2:$AE$2,0)))} -> 150 | G16: {=if($D16="","",index('Actuals - Billing - 2025'!$B16:$AE914,Match($C16,'Actuals - Billing - 2025'!$B16:$B914,0),Match(G$1,'Actuals - Billing - 2025'!$B$2:$AE$2,0)))} | H16: {=if($D16="","",index('Actuals - Billing - 2025'!$B16:$AE914,Match($C16,'Actuals - Billing - 2025'!$B16:$B914,0),Match(H$1,'Actuals - Billing - 2025'!$B$2:$AE$2,0)))} | J16: =if(sum(E16:I16)>0,sum(E16:I16),"") -> 300 | K16: =if(J16<>"",J16*D16,"") -> 3336 | L16: =iferror(if(E16>0,"Breakfast"&" "&E16,"")&IF(F16>0," "&"Lunch"&" "&F16,"")&IF(G16>0," "&"Dinner"&" "&G16,"")&IF(H16>0," "&"Florida Ops"&" "&H16,""),"") -> Breakfast 150 Lunch 150 | M16: =if(B16<>"","TBJ MiLB - Breakfast/Lunch/Dinner","") -> TBJ MiLB - Breakfast/Lunch/Dinner
A17: =if(B17<>"","Rogers Blue Jays Baseball Partnership","") -> Rogers Blue Jays Baseball Partnership | B17: =if(and('Actuals - Billing - 2025'!E$254=True,C17<>""),'Actuals - Billing - 2025'!C249,"") -> 9.4 | C17: =IF(and('Actuals - Billing - 2025'!E$254=True,sum('Actuals - Billing - 2025'!T249:Y249)>0),'Actuals - Billing - 2025'!B249,"") -> 45902 | D17: =if(and(sum('Actuals - Billing - 2025'!T249:Y249)>0,C17<>""),'Actuals - Billing - 2025'!$U$2,"") -> 11.12 | E17: {=if($D17="","",index('Actuals - Billing - 2025'!$B17:$AE915,Match($C17,'Actuals - Billing - 2025'!$B17:$B915,0),Match(E$1,'Actuals - Billing - 2025'!$B$2:$AE$2,0)))} -> 150 | F17: {=if($D17="","",index('Actuals - Billing - 2025'!$B17:$AE915,Match($C17,'Actuals - Billing - 2025'!$B17:$B915,0),Match(F$1,'Actuals - Billing - 2025'!$B$2:$AE$2,0)))} -> 150 | G17: {=if($D17="","",index('Actuals - Billing - 2025'!$B17:$AE915,Match($C17,'Actuals - Billing - 2025'!$B17:$B915,0),Match(G$1,'Actuals - Billing - 2025'!$B$2:$AE$2,0)))} | H17: {=if($D17="","",index('Actuals - Billing - 2025'!$B17:$AE915,Match($C17,'Actuals - Billing - 2025'!$B17:$B915,0),Match(H$1,'Actuals - Billing - 2025'!$B$2:$AE$2,0)))} | J17: =if(sum(E17:I17)>0,sum(E17:I17),"") -> 300 | K17: =if(J17<>"",J17*D17,"") -> 3336 | L17: =iferror(if(E17>0,"Breakfast"&" "&E17,"")&IF(F17>0," "&"Lunch"&" "&F17,"")&IF(G17>0," "&"Dinner"&" "&G17,"")&IF(H17>0," "&"Florida Ops"&" "&H17,""),"") -> Breakfast 150 Lunch 150 | M17: =if(B17<>"","TBJ MiLB - Breakfast/Lunch/Dinner","") -> TBJ MiLB - Breakfast/Lunch/Dinner
A18: =if(B18<>"","Rogers Blue Jays Baseball Partnership","") -> Rogers Blue Jays Baseball Partnership | B18: =if(and('Actuals - Billing - 2025'!E$254=True,C18<>""),'Actuals - Billing - 2025'!C250,"") -> 9.4 | C18: =IF(and('Actuals - Billing - 2025'!E$254=True,sum('Actuals - Billing - 2025'!T250:Y250)>0),'Actuals - Billing - 2025'!B250,"") -> 45903 | D18: =if(and(sum('Actuals - Billing - 2025'!T250:Y250)>0,C18<>""),'Actuals - Billing - 2025'!$U$2,"") -> 11.12 | E18: {=if($D18="","",index('Actuals - Billing - 2025'!$B18:$AE916,Match($C18,'Actuals - Billing - 2025'!$B18:$B916,0),Match(E$1,'Actuals - Billing - 2025'!$B$2:$AE$2,0)))} -> 150 | F18: {=if($D18="","",index('Actuals - Billing - 2025'!$B18:$AE916,Match($C18,'Actuals - Billing - 2025'!$B18:$B916,0),Match(F$1,'Actuals - Billing - 2025'!$B$2:$AE$2,0)))} -> 150 | G18: {=if($D18="","",index('Actuals - Billing - 2025'!$B18:$AE916,Match($C18,'Actuals - Billing - 2025'!$B18:$B916,0),Match(G$1,'Actuals - Billing - 2025'!$B$2:$AE$2,0)))} | H18: {=if($D18="","",index('Actuals - Billing - 2025'!$B18:$AE916,Match($C18,'Actuals - Billing - 2025'!$B18:$B916,0),Match(H$1,'Actuals - Billing - 2025'!$B$2:$AE$2,0)))} | J18: =if(sum(E18:I18)>0,sum(E18:I18),"") -> 300 | K18: =if(J18<>"",J18*D18,"") -> 3336 | L18: =iferror(if(E18>0,"Breakfast"&" "&E18,"")&IF(F18>0," "&"Lunch"&" "&F18,"")&IF(G18>0," "&"Dinner"&" "&G18,"")&IF(H18>0," "&"Florida Ops"&" "&H18,""),"") -> Breakfast 150 Lunch 150 | M18: =if(B18<>"","TBJ MiLB - Breakfast/Lunch/Dinner","") -> TBJ MiLB - Breakfast/Lunch/Dinner
A19: =if(B19<>"","Rogers Blue Jays Baseball Partnership","") -> Rogers Blue Jays Baseball Partnership | B19: =if(and('Actuals - Billing - 2025'!E$254=True,C19<>""),'Actuals - Billing - 2025'!C251,"") -> 9.4 | C19: =IF(and('Actuals - Billing - 2025'!E$254=True,sum('Actuals - Billing - 2025'!T251:Y251)>0),'Actuals - Billing - 2025'!B251,"") -> 45904 | D19: =if(and(sum('Actuals - Billing - 2025'!T251:Y251)>0,C19<>""),'Actuals - Billing - 2025'!$U$2,"") -> 11.12 | E19: {=if($D19="","",index('Actuals - Billing - 2025'!$B19:$AE917,Match($C19,'Actuals - Billing - 2025'!$B19:$B917,0),Match(E$1,'Actuals - Billing - 2025'!$B$2:$AE$2,0)))} -> 150 | F19: {=if($D19="","",index('Actuals - Billing - 2025'!$B19:$AE917,Match($C19,'Actuals - Billing - 2025'!$B19:$B917,0),Match(F$1,'Actuals - Billing - 2025'!$B$2:$AE$2,0)))} -> 150 | G19: {=if($D19="","",index('Actuals - Billing - 2025'!$B19:$AE917,Match($C19,'Actuals - Billing - 2025'!$B19:$B917,0),Match(G$1,'Actuals - Billing - 2025'!$B$2:$AE$2,0)))} | H19: {=if($D19="","",index('Actuals - Billing - 2025'!$B19:$AE917,Match($C19,'Actuals - Billing - 2025'!$B19:$B917,0),Match(H$1,'Actuals - Billing - 2025'!$B$2:$AE$2,0)))} | J19: =if(sum(E19:I19)>0,sum(E19:I19),"") -> 300 | K19: =if(J19<>"",J19*D19,"") -> 3336 | L19: =iferror(if(E19>0,"Breakfast"&" "&E19,"")&IF(F19>0," "&"Lunch"&" "&F19,"")&IF(G19>0," "&"Dinner"&" "&G19,"")&IF(H19>0," "&"Florida Ops"&" "&H19,""),"") -> Breakfast 150 Lunch 150 | M19: =if(B19<>"","TBJ MiLB - Breakfast/Lunch/Dinner","") -> TBJ MiLB - Breakfast/Lunch/Dinner
