Workbook

Sheet Overview
A1: Toronto Blue Jays @ Dunedin
A2: 2026 · SEASON TO DATE
A3: Jan 1 – Sep 9, 2026 · generated Sep 09, 2026
B5: Projected | C5: Actual | D5: Variance
A6: Days with service | B6: =COUNTIF(Projections!$F$7:$F$258,">0") -> 216 | C6: =COUNTIF(Actuals!$F$7:$F$258,">0") -> 156 | D6: =C6-B6 -> -60
A7: Meals | B7: =SUM(Projections!$F$7:$F$258) -> 90396 | C7: =SUM(Actuals!$F$7:$F$258) -> 81968 | D7: =C7-B7 -> -8428
A8: Revenue | B8: =SUM(Projections!$E$7:$E$258) -> 1223475.4 | C8: =SUM(Actuals!$E$7:$E$258) -> 1069460.2 | D8: =C8-B8 -> -154015.14
A10: BY SERVICE
A11: Group | B11: Service | C11: Rate | D11: Proj units | E11: Act units | F11: Var | G11: Proj revenue | H11: Act revenue | I11: Var
A12: Major League - PDC | B12: Breakfast | C12: 23.12 | D12: =SUM(Projections!G7:G258) -> 6025 | E12: =SUM(Actuals!G7:G258) -> 6225 | F12: =E12-D12 -> 200 | G12: =D12*$C12 -> 139298 | H12: =E12*$C12 -> 143922 | I12: =H12-G12 -> 4624
B13: Lunch | C13: 23.12 | D13: =SUM(Projections!H7:H258) -> 6025 | E13: =SUM(Actuals!H7:H258) -> 6415 | F13: =E13-D13 -> 390 | G13: =D13*$C13 -> 139298 | H13: =E13*$C13 -> 148314.8 | I13: =H13-G13 -> 9016.8
B14: Dinner | C14: 23.12 | D14: =SUM(Projections!I7:I258) -> 0 | E14: =SUM(Actuals!I7:I258) -> 21 | F14: =E14-D14 -> 21 | G14: =D14*$C14 -> 0 | H14: =E14*$C14 -> 485.52 | I14: =H14-G14 -> 485.52
B15: Post Game Meal | C15: 23.12 | D15: =SUM(Projections!J7:J258) -> 845 | E15: =SUM(Actuals!J7:J258) -> 975 | F15: =E15-D15 -> 130 | G15: =D15*$C15 -> 19536.4 | H15: =E15*$C15 -> 22542 | I15: =H15-G15 -> 3005.6
A16: Minor League - PDC | B16: Breakfast | C16: 11.55 | D16: =SUM(Projections!K7:K258) -> 35712 | E16: =SUM(Actuals!K7:K258) -> 28951 | F16: =E16-D16 -> -6761 | G16: =D16*$C16 -> 412473.6 | H16: =E16*$C16 -> 334384.05 | I16: =H16-G16 -> -78089.55
B17: Lunch | C17: 11.55 | D17: =SUM(Projections!L7:L258) -> 35634 | E17: =SUM(Actuals!L7:L258) -> 28889 | F17: =E17-D17 -> -6745 | G17: =D17*$C17 -> 411572.7 | H17: =E17*$C17 -> 333667.95 | I17: =H17-G17 -> -77904.75
B18: Dinner | C18: 11.55 | D18: =SUM(Projections!M7:M258) -> 65 | E18: =SUM(Actuals!M7:M258) -> 856 | F18: =E18-D18 -> 791 | G18: =D18*$C18 -> 750.75 | H18: =E18*$C18 -> 9886.8 | I18: =H18-G18 -> 9136.05
A19: Single A Jays | B19: Pre-Game | C19: 16.51 | D19: =SUM(Projections!N7:N258) -> 2500 | E19: =SUM(Actuals!N7:N258) -> 1575 | F19: =E19-D19 -> -925 | G19: =D19*$C19 -> 41275 | H19: =E19*$C19 -> 26003.25 | I19: =H19-G19 -> -15271.75
B20: Post-Game | C20: 16.51 | D20: =SUM(Projections!O7:O258) -> 2550 | E20: =SUM(Actuals!O7:O258) -> 1210 | F20: =E20-D20 -> -1340 | G20: =D20*$C20 -> 42100.5 | H20: =E20*$C20 -> 19977.1 | I20: =H20-G20 -> -22123.4
A21: SSM | B21: Stadium Staff Meals | C21: 16.51 | D21: =SUM(Projections!P7:P258) -> 1040 | E21: =SUM(Actuals!P7:P258) -> 524 | F21: =E21-D21 -> -516 | G21: =D21*$C21 -> 17170.4 | H21: =E21*$C21 -> 8651.24 | I21: =H21-G21 -> -8519.16
B22: Florida Ops - PDC | C22: 11.55 | D22: =SUM(Projections!Q7:Q258) -> 0 | E22: =SUM(Actuals!Q7:Q258) -> 164 | F22: =E22-D22 -> 164 | G22: =D22*$C22 -> 0 | H22: =E22*$C22 -> 1894.2 | I22: =H22-G22 -> 1894.2
A23: Other | B23: Fun $$$$ Allocated (amount) | D23: =SUM(Projections!R7:R258) -> 0 | E23: =SUM(Actuals!R7:R258) -> 11202.26 | F23: =E23-D23 -> 11202.26
B24: Scout Meals | C24: 11.55 | D24: =SUM(Projections!S7:S258) -> 0 | E24: =SUM(Actuals!S7:S258) -> 560 | F24: =E24-D24 -> 560 | G24: =D24*$C24 -> 0 | H24: =E24*$C24 -> 6468 | I24: =H24-G24 -> 6468
B25: Media Meals | C25: 15 | D25: =SUM(Projections!T7:T258) -> 0 | E25: =SUM(Actuals!T7:T258) -> 50 | F25: =E25-D25 -> 50 | G25: =D25*$C25 -> 0 | H25: =E25*$C25 -> 750 | I25: =H25-G25 -> 750
B26: MLB G&G - Pantry | C26: 1.7 | D26: =SUM(Projections!U7:U258) -> 0 | E26: =SUM(Actuals!U7:U258) -> 1641 | F26: =E26-D26 -> 1641 | G26: =D26*$C26 -> 0 | H26: =E26*$C26 -> 2789.7 | I26: =H26-G26 -> 2789.7
B27: MiLB G&G - Pantry | C27: 1.7 | D27: =SUM(Projections!V7:V258) -> 0 | E27: =SUM(Actuals!V7:V258) -> 3600 | F27: =E27-D27 -> 3600 | G27: =D27*$C27 -> 0 | H27: =E27*$C27 -> 6120 | I27: =H27-G27 -> 6120
B28: Team Canada | C28: 11.55 | D28: =SUM(Projections!W7:W258) -> 0 | E28: =SUM(Actuals!W7:W258) -> 312 | F28: =E28-D28 -> 312 | G28: =D28*$C28 -> 0 | H28: =E28*$C28 -> 3603.6 | I28: =H28-G28 -> 3603.6
B29: TOTAL | G29: =SUM(G12:G28) -> 1223475.4 | H29: =SUM(H12:H28) -> 1069460.2 | I29: =SUM(I12:I28) -> -154015.14
A31: Units are meal counts. Lines marked (amount) are dollar allocations, not billable revenue — excluded from every revenue total.

Sheet Sheet

Sheet Projections
A1: Toronto Blue Jays @ Dunedin
A2: 2026 · PROJECTIONS
A3: Jan 1 – Sep 9, 2026
A4: Day | B4: Date | C4: Period | D4: Week | E4: Revenue | F4: Meals | G4: Major League - PDC | K4: Minor League - PDC | N4: Single A Jays | P4: SSM | R4: Other
G5: Breakfast | H5: Lunch | I5: Dinner | J5: Post Game Meal | K5: Breakfast | L5: Lunch | M5: Dinner | N5: Pre-Game | O5: Post-Game | P5: Stadium Staff Meals | Q5: Florida Ops - PDC | R5: Fun $$$$ Allocated | S5: Scout Meals | T5: Media Meals | U5: MLB G&G - Pantry | V5: MiLB G&G - Pantry | W5: Team Canada
G6: 23.12 | H6: 23.12 | I6: 23.12 | J6: 23.12 | K6: 11.55 | L6: 11.55 | M6: 11.55 | N6: 16.51 | O6: 16.51 | P6: 16.51 | Q6: 11.55 | R6: amount | S6: 11.55 | T6: 15 | U6: 1.7 | V6: 1.7 | W6: 11.55
A7: Thu | B7: 46023 | C7: 1 | D7: Week 1 | E7: =G7*23.12+H7*23.12+I7*23.12+J7*23.12+K7*11.55+L7*11.55+M7*11.55+N7*16.51+O7*16.51+P7*16.51+Q7*11.55+S7*11.55+T7*15+U7*1.7+V7*1.7+W7*11.55 -> 0 | F7: =G7+H7+I7+J7+K7+L7+M7+N7+O7+P7+Q7+S7+T7+U7+V7+W7 -> 0 | G7: 0 | H7: 0 | I7: 0 | J7: 0 | K7: 0 | L7: 0 | M7: 0 | N7: 0 | O7: 0 | P7: 0 | Q7: 0 | R7: 0 | S7: 0 | T7: 0 | U7: 0 | V7: 0 | W7: 0
A8: Fri | B8: 46024 | C8: 1 | D8: Week 1 | E8: =G8*23.12+H8*23.12+I8*23.12+J8*23.12+K8*11.55+L8*11.55+M8*11.55+N8*16.51+O8*16.51+P8*16.51+Q8*11.55+S8*11.55+T8*15+U8*1.7+V8*1.7+W8*11.55 -> 0 | F8: =G8+H8+I8+J8+K8+L8+M8+N8+O8+P8+Q8+S8+T8+U8+V8+W8 -> 0 | G8: 0 | H8: 0 | I8: 0 | J8: 0 | K8: 0 | L8: 0 | M8: 0 | N8: 0 | O8: 0 | P8: 0 | Q8: 0 | R8: 0 | S8: 0 | T8: 0 | U8: 0 | V8: 0 | W8: 0
A9: Sat | B9: 46025 | C9: 1 | D9: Week 1 | E9: =G9*23.12+H9*23.12+I9*23.12+J9*23.12+K9*11.55+L9*11.55+M9*11.55+N9*16.51+O9*16.51+P9*16.51+Q9*11.55+S9*11.55+T9*15+U9*1.7+V9*1.7+W9*11.55 -> 0 | F9: =G9+H9+I9+J9+K9+L9+M9+N9+O9+P9+Q9+S9+T9+U9+V9+W9 -> 0 | G9: 0 | H9: 0 | I9: 0 | J9: 0 | K9: 0 | L9: 0 | M9: 0 | N9: 0 | O9: 0 | P9: 0 | Q9: 0 | R9: 0 | S9: 0 | T9: 0 | U9: 0 | V9: 0 | W9: 0
A10: Sun | B10: 46026 | C10: 1 | D10: Week 1 | E10: =G10*23.12+H10*23.12+I10*23.12+J10*23.12+K10*11.55+L10*11.55+M10*11.55+N10*16.51+O10*16.51+P10*16.51+Q10*11.55+S10*11.55+T10*15+U10*1.7+V10*1.7+W10*11.55 -> 0 | F10: =G10+H10+I10+J10+K10+L10+M10+N10+O10+P10+Q10+S10+T10+U10+V10+W10 -> 0 | G10: 0 | H10: 0 | I10: 0 | J10: 0 | K10: 0 | L10: 0 | M10: 0 | N10: 0 | O10: 0 | P10: 0 | Q10: 0 | R10: 0 | S10: 0 | T10: 0 | U10: 0 | V10: 0 | W10: 0
A11: Mon | B11: 46027 | C11: 1 | D11: Week 2 | E11: =G11*23.12+H11*23.12+I11*23.12+J11*23.12+K11*11.55+L11*11.55+M11*11.55+N11*16.51+O11*16.51+P11*16.51+Q11*11.55+S11*11.55+T11*15+U11*1.7+V11*1.7+W11*11.55 -> 1155 | F11: =G11+H11+I11+J11+K11+L11+M11+N11+O11+P11+Q11+S11+T11+U11+V11+W11 -> 100 | G11: 0 | H11: 0 | I11: 0 | J11: 0 | K11: 50 | L11: 50 | M11: 0 | N11: 0 | O11: 0 | P11: 0 | Q11: 0 | R11: 0 | S11: 0 | T11: 0 | U11: 0 | V11: 0 | W11: 0
A12: Tue | B12: 46028 | C12: 1 | D12: Week 2 | E12: =G12*23.12+H12*23.12+I12*23.12+J12*23.12+K12*11.55+L12*11.55+M12*11.55+N12*16.51+O12*16.51+P12*16.51+Q12*11.55+S12*11.55+T12*15+U12*1.7+V12*1.7+W12*11.55 -> 1386 | F12: =G12+H12+I12+J12+K12+L12+M12+N12+O12+P12+Q12+S12+T12+U12+V12+W12 -> 120 | G12: 0 | H12: 0 | I12: 0 | J12: 0 | K12: 60 | L12: 60 | M12: 0 | N12: 0 | O12: 0 | P12: 0 | Q12: 0 | R12: 0 | S12: 0 | T12: 0 | U12: 0 | V12: 0 | W12: 0
A13: Wed | B13: 46029 | C13: 1 | D13: Week 2 | E13: =G13*23.12+H13*23.12+I13*23.12+J13*23.12+K13*11.55+L13*11.55+M13*11.55+N13*16.51+O13*16.51+P13*16.51+Q13*11.55+S13*11.55+T13*15+U13*1.7+V13*1.7+W13*11.55 -> 1848 | F13: =G13+H13+I13+J13+K13+L13+M13+N13+O13+P13+Q13+S13+T13+U13+V13+W13 -> 160 | G13: 0 | H13: 0 | I13: 0 | J13: 0 | K13: 80 | L13: 80 | M13: 0 | N13: 0 | O13: 0 | P13: 0 | Q13: 0 | R13: 0 | S13: 0 | T13: 0 | U13: 0 | V13: 0 | W13: 0
A14: Thu | B14: 46030 | C14: 1 | D14: Week 2 | E14: =G14*23.12+H14*23.12+I14*23.12+J14*23.12+K14*11.55+L14*11.55+M14*11.55+N14*16.51+O14*16.51+P14*16.51+Q14*11.55+S14*11.55+T14*15+U14*1.7+V14*1.7+W14*11.55 -> 1848 | F14: =G14+H14+I14+J14+K14+L14+M14+N14+O14+P14+Q14+S14+T14+U14+V14+W14 -> 160 | G14: 0 | H14: 0 | I14: 0 | J14: 0 | K14: 80 | L14: 80 | M14: 0 | N14: 0 | O14: 0 | P14: 0 | Q14: 0 | R14: 0 | S14: 0 | T14: 0 | U14: 0 | V14: 0 | W14: 0
A15: Fri | B15: 46031 | C15: 1 | D15: Week 2 | E15: =G15*23.12+H15*23.12+I15*23.12+J15*23.12+K15*11.55+L15*11.55+M15*11.55+N15*16.51+O15*16.51+P15*16.51+Q15*11.55+S15*11.55+T15*15+U15*1.7+V15*1.7+W15*11.55 -> 1501.5 | F15: =G15+H15+I15+J15+K15+L15+M15+N15+O15+P15+Q15+S15+T15+U15+V15+W15 -> 130 | G15: 0 | H15: 0 | I15: 0 | J15: 0 | K15: 65 | L15: 65 | M15: 0 | N15: 0 | O15: 0 | P15: 0 | Q15: 0 | R15: 0 | S15: 0 | T15: 0 | U15: 0 | V15: 0 | W15: 0
A16: Sat | B16: 46032 | C16: 1 | D16: Week 2 | E16: =G16*23.12+H16*23.12+I16*23.12+J16*23.12+K16*11.55+L16*11.55+M16*11.55+N16*16.51+O16*16.51+P16*16.51+Q16*11.55+S16*11.55+T16*15+U16*1.7+V16*1.7+W16*11.55 -> 0 | F16: =G16+H16+I16+J16+K16+L16+M16+N16+O16+P16+Q16+S16+T16+U16+V16+W16 -> 0 | G16: 0 | H16: 0 | I16: 0 | J16: 0 | K16: 0 | L16: 0 | M16: 0 | N16: 0 | O16: 0 | P16: 0 | Q16: 0 | R16: 0 | S16: 0 | T16: 0 | U16: 0 | V16: 0 | W16: 0
A17: Sun | B17: 46033 | C17: 1 | D17: Week 2 | E17: =G17*23.12+H17*23.12+I17*23.12+J17*23.12+K17*11.55+L17*11.55+M17*11.55+N17*16.51+O17*16.51+P17*16.51+Q17*11.55+S17*11.55+T17*15+U17*1.7+V17*1.7+W17*11.55 -> 0 | F17: =G17+H17+I17+J17+K17+L17+M17+N17+O17+P17+Q17+S17+T17+U17+V17+W17 -> 0 | G17: 0 | H17: 0 | I17: 0 | J17: 0 | K17: 0 | L17: 0 | M17: 0 | N17: 0 | O17: 0 | P17: 0 | Q17: 0 | R17: 0 | S17: 0 | T17: 0 | U17: 0 | V17: 0 | W17: 0
A18: Mon | B18: 46034 | C18: 1 | D18: Week 3 | E18: =G18*23.12+H18*23.12+I18*23.12+J18*23.12+K18*11.55+L18*11.55+M18*11.55+N18*16.51+O18*16.51+P18*16.51+Q18*11.55+S18*11.55+T18*15+U18*1.7+V18*1.7+W18*11.55 -> 2772 | F18: =G18+H18+I18+J18+K18+L18+M18+N18+O18+P18+Q18+S18+T18+U18+V18+W18 -> 240 | G18: 0 | H18: 0 | I18: 0 | J18: 0 | K18: 120 | L18: 120 | M18: 0 | N18: 0 | O18: 0 | P18: 0 | Q18: 0 | R18: 0 | S18: 0 | T18: 0 | U18: 0 | V18: 0 | W18: 0
... A258: Wed | B258: 46274 | C258: 10 | D258: Week 1 | E258: =G258*23.12+H258*23.12+I258*23.12+J258*23.12+K258*11.55+L258*11.55+M258*11.55+N258*16.51+O258*16.51+P258*16.51+Q258*11.55+S258*11.55+T258*15+U258*1.7+V258*1.7+W258*11.55 -> 2772 | F258: =G258+H258+I258+J258+K258+L258+M258+N258+O258+P258+Q258+S258+T258+U258+V258+W258 -> 240 | G258: 0 | H258: 0 | I258: 0 | J258: 0 | K258: 120 | L258: 120 | M258: 0 | N258: 0 | O258: 0 | P258: 0 | Q258: 0 | R258: 0 | S258: 0 | T258: 0 | U258: 0 | V258: 0 | W258: 0
A259: TOTAL | E259: =SUM(E7:E258) -> 1223475.4 | F259: =SUM(F7:F258) -> 90396 | G259: =SUM(G7:G258) -> 6025 | H259: =SUM(H7:H258) -> 6025 | I259: =SUM(I7:I258) -> 0 | J259: =SUM(J7:J258) -> 845 | K259: =SUM(K7:K258) -> 35712 | L259: =SUM(L7:L258) -> 35634 | ... W259: =SUM(W7:W258) -> 0

Sheet Actuals
A1: Toronto Blue Jays @ Dunedin
A2: 2026 · ACTUALS
A3: Jan 1 – Sep 9, 2026
A4: Day | B4: Date | C4: Period | D4: Week | E4: Revenue | F4: Meals | G4: Major League - PDC | K4: Minor League - PDC | N4: Single A Jays | P4: SSM | R4: Other
G5: Breakfast | H5: Lunch | I5: Dinner | J5: Post Game Meal | K5: Breakfast | L5: Lunch | M5: Dinner | N5: Pre-Game | O5: Post-Game | P5: Stadium Staff Meals | Q5: Florida Ops - PDC | R5: Fun $$$$ Allocated | S5: Scout Meals | T5: Media Meals | U5: MLB G&G - Pantry | V5: MiLB G&G - Pantry | W5: Team Canada
G6: 23.12 | H6: 23.12 | I6: 23.12 | J6: 23.12 | K6: 11.55 | L6: 11.55 | M6: 11.55 | N6: 16.51 | O6: 16.51 | P6: 16.51 | Q6: 11.55 | R6: amount | S6: 11.55 | T6: 15 | U6: 1.7 | V6: 1.7 | W6: 11.55
A7: Thu | B7: 46023 | C7: 1.1 | D7: Week 1 | E7: =G7*23.12+H7*23.12+I7*23.12+J7*23.12+K7*11.55+L7*11.55+M7*11.55+N7*16.51+O7*16.51+P7*16.51+Q7*11.55+S7*11.55+T7*15+U7*1.7+V7*1.7+W7*11.55 -> 0 | F7: =G7+H7+I7+J7+K7+L7+M7+N7+O7+P7+Q7+S7+T7+U7+V7+W7 -> 0 | G7: 0 | H7: 0 | I7: 0 | J7: 0 | K7: 0 | L7: 0 | M7: 0 | N7: 0 | O7: 0 | P7: 0 | Q7: 0 | R7: 0 | S7: 0 | T7: 0 | U7: 0 | V7: 0 | W7: 0
A8: Fri | B8: 46024 | C8: 1.1 | D8: Week 1 | E8: =G8*23.12+H8*23.12+I8*23.12+J8*23.12+K8*11.55+L8*11.55+M8*11.55+N8*16.51+O8*16.51+P8*16.51+Q8*11.55+S8*11.55+T8*15+U8*1.7+V8*1.7+W8*11.55 -> 0 | F8: =G8+H8+I8+J8+K8+L8+M8+N8+O8+P8+Q8+S8+T8+U8+V8+W8 -> 0 | G8: 0 | H8: 0 | I8: 0 | J8: 0 | K8: 0 | L8: 0 | M8: 0 | N8: 0 | O8: 0 | P8: 0 | Q8: 0 | R8: 0 | S8: 0 | T8: 0 | U8: 0 | V8: 0 | W8: 0
A9: Sat | B9: 46025 | C9: 1.1 | D9: Week 1 | E9: =G9*23.12+H9*23.12+I9*23.12+J9*23.12+K9*11.55+L9*11.55+M9*11.55+N9*16.51+O9*16.51+P9*16.51+Q9*11.55+S9*11.55+T9*15+U9*1.7+V9*1.7+W9*11.55 -> 0 | F9: =G9+H9+I9+J9+K9+L9+M9+N9+O9+P9+Q9+S9+T9+U9+V9+W9 -> 0 | G9: 0 | H9: 0 | I9: 0 | J9: 0 | K9: 0 | L9: 0 | M9: 0 | N9: 0 | O9: 0 | P9: 0 | Q9: 0 | R9: 0 | S9: 0 | T9: 0 | U9: 0 | V9: 0 | W9: 0
A10: Sun | B10: 46026 | C10: 1.1 | D10: Week 1 | E10: =G10*23.12+H10*23.12+I10*23.12+J10*23.12+K10*11.55+L10*11.55+M10*11.55+N10*16.51+O10*16.51+P10*16.51+Q10*11.55+S10*11.55+T10*15+U10*1.7+V10*1.7+W10*11.55 -> 0 | F10: =G10+H10+I10+J10+K10+L10+M10+N10+O10+P10+Q10+S10+T10+U10+V10+W10 -> 0 | G10: 0 | H10: 0 | I10: 0 | J10: 0 | K10: 0 | L10: 0 | M10: 0 | N10: 0 | O10: 0 | P10: 0 | Q10: 0 | R10: 0 | S10: 0 | T10: 0 | U10: 0 | V10: 0 | W10: 0
A11: Mon | B11: 46027 | C11: 1.2 | D11: Week 2 | E11: =G11*23.12+H11*23.12+I11*23.12+J11*23.12+K11*11.55+L11*11.55+M11*11.55+N11*16.51+O11*16.51+P11*16.51+Q11*11.55+S11*11.55+T11*15+U11*1.7+V11*1.7+W11*11.55 -> 1963.5 | F11: =G11+H11+I11+J11+K11+L11+M11+N11+O11+P11+Q11+S11+T11+U11+V11+W11 -> 170 | G11: 0 | H11: 0 | I11: 0 | J11: 0 | K11: 70 | L11: 100 | M11: 0 | N11: 0 | O11: 0 | P11: 0 | Q11: 0 | R11: 0 | S11: 0 | T11: 0 | U11: 0 | V11: 0 | W11: 0
A12: Tue | B12: 46028 | C12: 1.2 | D12: Week 2 | E12: =G12*23.12+H12*23.12+I12*23.12+J12*23.12+K12*11.55+L12*11.55+M12*11.55+N12*16.51+O12*16.51+P12*16.51+Q12*11.55+S12*11.55+T12*15+U12*1.7+V12*1.7+W12*11.55 -> 2385 | F12: =G12+H12+I12+J12+K12+L12+M12+N12+O12+P12+Q12+S12+T12+U12+V12+W12 -> 360 | G12: 0 | H12: 0 | I12: 0 | J12: 0 | K12: 80 | L12: 100 | M12: 0 | N12: 0 | O12: 0 | P12: 0 | Q12: 0 | R12: 0 | S12: 0 | T12: 0 | U12: 0 | V12: 180 | W12: 0
A13: Wed | B13: 46029 | C13: 1.2 | D13: Week 2 | E13: =G13*23.12+H13*23.12+I13*23.12+J13*23.12+K13*11.55+L13*11.55+M13*11.55+N13*16.51+O13*16.51+P13*16.51+Q13*11.55+S13*11.55+T13*15+U13*1.7+V13*1.7+W13*11.55 -> 2079 | F13: =G13+H13+I13+J13+K13+L13+M13+N13+O13+P13+Q13+S13+T13+U13+V13+W13 -> 180 | G13: 0 | H13: 0 | I13: 0 | J13: 0 | K13: 80 | L13: 100 | M13: 0 | N13: 0 | O13: 0 | P13: 0 | Q13: 0 | R13: 0 | S13: 0 | T13: 0 | U13: 0 | V13: 0 | W13: 0
A14: Thu | B14: 46030 | C14: 1.2 | D14: Week 2 | E14: =G14*23.12+H14*23.12+I14*23.12+J14*23.12+K14*11.55+L14*11.55+M14*11.55+N14*16.51+O14*16.51+P14*16.51+Q14*11.55+S14*11.55+T14*15+U14*1.7+V14*1.7+W14*11.55 -> 2079 | F14: =G14+H14+I14+J14+K14+L14+M14+N14+O14+P14+Q14+S14+T14+U14+V14+W14 -> 180 | G14: 0 | H14: 0 | I14: 0 | J14: 0 | K14: 80 | L14: 100 | M14: 0 | N14: 0 | O14: 0 | P14: 0 | Q14: 0 | R14: 0 | S14: 0 | T14: 0 | U14: 0 | V14: 0 | W14: 0
A15: Fri | B15: 46031 | C15: 1.2 | D15: Week 2 | E15: =G15*23.12+H15*23.12+I15*23.12+J15*23.12+K15*11.55+L15*11.55+M15*11.55+N15*16.51+O15*16.51+P15*16.51+Q15*11.55+S15*11.55+T15*15+U15*1.7+V15*1.7+W15*11.55 -> 2385 | F15: =G15+H15+I15+J15+K15+L15+M15+N15+O15+P15+Q15+S15+T15+U15+V15+W15 -> 360 | G15: 0 | H15: 0 | I15: 0 | J15: 0 | K15: 80 | L15: 100 | M15: 0 | N15: 0 | O15: 0 | P15: 0 | Q15: 0 | R15: 0 | S15: 0 | T15: 0 | U15: 0 | V15: 180 | W15: 0
A16: Sat | B16: 46032 | C16: 1.2 | D16: Week 2 | E16: =G16*23.12+H16*23.12+I16*23.12+J16*23.12+K16*11.55+L16*11.55+M16*11.55+N16*16.51+O16*16.51+P16*16.51+Q16*11.55+S16*11.55+T16*15+U16*1.7+V16*1.7+W16*11.55 -> 0 | F16: =G16+H16+I16+J16+K16+L16+M16+N16+O16+P16+Q16+S16+T16+U16+V16+W16 -> 0 | G16: 0 | H16: 0 | I16: 0 | J16: 0 | K16: 0 | L16: 0 | M16: 0 | N16: 0 | O16: 0 | P16: 0 | Q16: 0 | R16: 0 | S16: 0 | T16: 0 | U16: 0 | V16: 0 | W16: 0
A17: Sun | B17: 46033 | C17: 1.2 | D17: Week 2 | E17: =G17*23.12+H17*23.12+I17*23.12+J17*23.12+K17*11.55+L17*11.55+M17*11.55+N17*16.51+O17*16.51+P17*16.51+Q17*11.55+S17*11.55+T17*15+U17*1.7+V17*1.7+W17*11.55 -> 0 | F17: =G17+H17+I17+J17+K17+L17+M17+N17+O17+P17+Q17+S17+T17+U17+V17+W17 -> 0 | G17: 0 | H17: 0 | I17: 0 | J17: 0 | K17: 0 | L17: 0 | M17: 0 | N17: 0 | O17: 0 | P17: 0 | Q17: 0 | R17: 0 | S17: 0 | T17: 0 | U17: 0 | V17: 0 | W17: 0
A18: Mon | B18: 46034 | C18: 1.3 | D18: Week 3 | E18: =G18*23.12+H18*23.12+I18*23.12+J18*23.12+K18*11.55+L18*11.55+M18*11.55+N18*16.51+O18*16.51+P18*16.51+Q18*11.55+S18*11.55+T18*15+U18*1.7+V18*1.7+W18*11.55 -> 3540.8 | F18: =G18+H18+I18+J18+K18+L18+M18+N18+O18+P18+Q18+S18+T18+U18+V18+W18 -> 420 | G18: 20 | H18: 20 | I18: 0 | J18: 0 | K18: 100 | L18: 100 | M18: 0 | N18: 0 | O18: 0 | P18: 0 | Q18: 0 | R18: 0 | S18: 0 | T18: 0 | U18: 100 | V18: 80 | W18: 0
... A258: Wed | B258: 46274 | C258: 10.1 | D258: Week 1 | E258: =G258*23.12+H258*23.12+I258*23.12+J258*23.12+K258*11.55+L258*11.55+M258*11.55+N258*16.51+O258*16.51+P258*16.51+Q258*11.55+S258*11.55+T258*15+U258*1.7+V258*1.7+W258*11.55 -> 0 | F258: =G258+H258+I258+J258+K258+L258+M258+N258+O258+P258+Q258+S258+T258+U258+V258+W258 -> 0 | G258: 0 | H258: 0 | I258: 0 | J258: 0 | K258: 0 | L258: 0 | M258: 0 | N258: 0 | O258: 0 | P258: 0 | Q258: 0 | R258: 0 | S258: 0 | T258: 0 | U258: 0 | V258: 0 | W258: 0
A259: TOTAL | E259: =SUM(E7:E258) -> 1069460.2 | F259: =SUM(F7:F258) -> 81968 | G259: =SUM(G7:G258) -> 6225 | H259: =SUM(H7:H258) -> 6415 | I259: =SUM(I7:I258) -> 21 | J259: =SUM(J7:J258) -> 975 | K259: =SUM(K7:K258) -> 28951 | L259: =SUM(L7:L258) -> 28889 | ... W259: =SUM(W7:W258) -> 312
